RoomID,RoomNumber,CostCenterID,Activity,RoomFunctionNotes,Notes,Area,RoomSort,HeadwallCount,BedCount,BedStatus,AirTested,FloorId
11494,NRT G-25,2,NRT,,,69,1325,,,,,PRO_GL
11495,5645,38,CORRIDOR,,,297,5645,,,,,PRO_5
11496,6676,228,MECH,,,25,6676,,,,,PRO_6
11497,2563,630,,was SCOPE PROCESSING,,210,2563,,,,,PRO_2
11498,G579,3,WAITING,,,226,1579,,,,,PRO_GL
11499,NRT 8-1,2,NRT,,,458,8000,,,,,PRO_8
11500,BCM 0-00,357,Common - dummy entry,keep this to make certain reports work,,0,9000,,,,,PRO_8
11506,BCM 0-00,357,Common - dummy entry,keep this to make certain reports work,,0,9007,,,,,ProMOB_6
11511,3675 (2),446,CONFERENCE,,,93,3675,,,,,PRO_3
11512,3675 (3),600,CONFERENCE,,,93,3675,,,,,PRO_3
11513,3682 (2),446,CONFERENCE,,,57,3682,,,,,PRO_3
11514,3682 (3),600,CONFERENCE,,,57,3682,,,,,PRO_3
11515,3687 (2),446,CORRIDOR,,,372,3687,,,,,PRO_3
11516,3687 (3),600,CORRIDOR,,,372,3687,,,,,PRO_3
11539,NRT B-03,2,STAIR 3,,,100,9303,,,,,ProMOB_LL
11540,FCM B-02,357,VESTIBULE,,,37,9202,,,,,ProMOB_LL
11541,NRT 5-07,2,SHAFT,,,13,60007,,,,,ProMOB_5
11568,L675A,220,LOST AND FOUND,added by Kevin 01-22-2016,,652,675,,,,,PRO_LL
11569,L656,228,CORRIDOR,,,1059,656,,,,,PRO_LL
11570,3683B,577,,,,146,3683,,,,,PRO_3
1,G13-01,228,STORAGE,,,116,11301,,,,,ProMOB_GL
2,L400,102,STERILE PREP,,,1644,400,,,,YES,PRO_LL
3,L400A,102,STERILIZER,,,179,400,,,,YES,PRO_LL
4,L400B,102,SURGERY HOLDING,,,1555,400,,,,YES,PRO_LL
5,L400C,102,INSTRUMENTS,,,317,400,,,,YES,PRO_LL
6,L400D,102,DECONTAMINATION,,,582,400,,,,YES,PRO_LL
7,L400E,102,EQUIP PROCESS,,,384,400,,,,,PRO_LL
8,L404,102,TOILET,,UNIT SPECIFIC,38,404,,,,,PRO_LL
9,L406,102,LOCKERS - WOMENS,,,132,406,,,,,PRO_LL
10,L408,102,SOILED UTILITY,,,304,408,,,,YES,PRO_LL
11,L410,102,STORAGE,,,189,410,,,,,PRO_LL
12,L420,102,OFFICE,,,146,420,,,,,PRO_LL
13,L430A,464,STORAGE - RECEIVING,,,490,430,,,,NO,PRO_LL
14,L431,228,SPRINKLER,,,8,431,,,,,PRO_LL
15,L432,88,STORAGE,,,16,432,,,,,PRO_LL
16,L434,88,SURGERY WAITING,,,189,434,,,,NO,PRO_LL
17,L436,88,TOILET - WOMENS,,UNIT SPECIFIC,42,436,,,,,PRO_LL
18,L438,88,TOILET - MENS,,UNIT SPECIFIC,43,438,,,,,PRO_LL
19,L440,464,DISPATCHING,,,84,440,,,,,PRO_LL
20,L442,98,PRE OP TESTING,,,402,442,,,,YES,PRO_LL
21,L444,98,EXAM,,,78,444,,,,,PRO_LL
22,L445,88,RECEPTION,,,285,445,,,,,PRO_LL
23,L445A,88,WAITING - AMB SURG,,,497,445,,,,,PRO_LL
24,L446,236,JANITOR,,,37,446,,,,,PRO_LL
25,L448,98,EXAM,,,75,448,,,,,PRO_LL
26,L450,464,SUPPLY,,,244,450,,,,,PRO_LL
27,L452,206,LINEN - SOILED,,,97,452,,,,NO,PRO_LL
28,L453,236,JANITOR - TRASH,,,120,453,,,,,PRO_LL
29,L454,102,CLEAN CARTS,,,238,454,,,,NO,PRO_LL
30,L456,3,TREATMENT,,,182,456,,,,,PRO_LL
31,L458,3,STAFF ROOM,,,243,458,,,,,PRO_LL
32,L460,228,LOCKERS - WOMENS,,,261,460,,,,,PRO_LL
33,L462,102,SOILED CARTS,,,195,462,,,,NO,PRO_LL
34,L466,3,,,,247,466,,,,NO,PRO_LL
35,L470,228,LOCKERS - MENS,,,335,470,,,,,PRO_LL
36,L472,156,STORAGE - EQUIP,,,367,472,,,,,PRO_LL
37,L476,3,,,,276,476,,,,NO,PRO_LL
38,L476A,3,,,,288,476,,,,NO,PRO_LL
39,L478,3,IV PREP,temporary construction storage 10/15/2014,,329,478,,,,NO,PRO_LL
40,L480,3,STORAGE,temporary construction storage 10/15/2014,,173,480,,,,NO,PRO_LL
41,L482,3,PHARMACY UNIT DOSE,temporary construction storage 10/15/2014,,863,482,,,,NO,PRO_LL
42,L482A,3,OFFICE,temporary construction storage 10/15/2014,,97,482,,,,,PRO_LL
43,L484,3,PHARMACY,temporary construction storage 10/15/2014,,696,484,,,,NO,PRO_LL
46,L490,3,PHARMACY BULK,temporary construction storage 10/15/2014,,261,490,,,,NO,PRO_LL
47,L500,88,SURGERY ENTRY,,,825,500,,,,NO,PRO_LL
48,L502,464,MAT MGMT,,,143,502,,,,,PRO_LL
49,L504,88,O R 1,,,505,504,,,,YES,PRO_LL
50,L505,88,CLEAN CORE / STERILE STORAGE,,,927,505,,,,YES,PRO_LL
51,L505A,88,O R 6,,,510,505,,,,YES,PRO_LL
52,L508,88,EQUIP,,,36,508,,,,,PRO_LL
53,L510,88,SOILED UTILITY,,,1493,510,,,,YES,PRO_LL
54,L510A,88,SOILED UTILITY,,,85,510,,,,YES,PRO_LL
55,L510B,88,TOILET,,UNIT SPECIFIC,80,510,,,,,PRO_LL
56,L510C,88,TOILET,,UNIT SPECIFIC,35,510,,,,,PRO_LL
57,L512,88,PACU OFFICE,,,131,512,,,,,PRO_LL
58,L512A,88,WASH,,,32,512,,,,NO,PRO_LL
59,L514,88,O R 2,,,500,514,,,,YES,PRO_LL
60,L516,88,O R 5,,,500,516,,,,YES,PRO_LL
61,L520,88,PACU - ISOL,,,130,520,,,,YES,PRO_LL
62,L520A,88,WASH,,,28,520,,,,NO,PRO_LL
63,L521,88,STORAGE,,,38,521,,,,,PRO_LL
64,L522,99,OFFICE - ANES,,,94,522,,,,,PRO_LL
65,L524,88,O R 3,,,555,524,,,,YES,PRO_LL
66,L525,88,CONTROL,,,35,525,,,,,PRO_LL
67,L526,88,O R 4,,,557,526,,,,YES,PRO_LL
68,L530,260,IS INFO SYSTEM,,,100,530,,,,,PRO_LL
69,L531,88,LOUNGE - MD,,,334,531,,,,,PRO_LL
70,L531A,88,ON CALL SLEEP,,,163,531,,,,,PRO_LL
71,L532,99,WORK ROOM,,,146,532,,,,NO,PRO_LL
72,L533,236,JANITOR,,,55,533,,,,,PRO_LL
73,L534,120,LAB - PATHOLOGY,,,81,534,,,,YES,PRO_LL
74,L535,88,LOUNGE - NURSES,,,237,535,,,,,PRO_LL
75,L536,88,O R 7,,,357,536,,,,YES,PRO_LL
76,L536A,88,CONTROL,,,52,536,,,,NO,PRO_LL
77,L536C,88,DARK ROOM,,,44,536,,,,,PRO_LL
78,L536B,88,TRANSFORMER,,,40,536,,,,,PRO_LL
79,L537,88,WORK ROOM,,,227,537,,,,NO,PRO_LL
80,L539,88,EXAM,,,127,539,,,,,PRO_LL
81,L540,88,DRESSING,,,97,540,,,,,PRO_LL
82,L540A,88,LOCKERS,,,116,540,,,,,PRO_LL
83,L541,88,LOCKERS - WOMENS,,,478,541,,,,,PRO_LL
84,L542,88,LOCKERS - MENS,,,483,542,,,,,PRO_LL
85,L543,236,JANITOR,,,23,543,,,,,PRO_LL
86,L544,228,ELEC,,,108,544,,,,,PRO_LL
87,L545A,239,DATA / TELE,,,213,545,,,,,PRO_LL
88,L545,228,MECH,,,592,545,,,,,PRO_LL
89,L546,98,STORAGE,,,615,546,,,,,PRO_LL
90,L546A,98,CORRIDOR,,,173,546,,,,,PRO_LL
91,L546B,98,OFFICE,,,190,546,,,,,PRO_LL
92,L546C,98,LOUNGE,,,158,546,,,,,PRO_LL
93,L546D,98,CLEAN UTILITY,,,143,546,,,,YES,PRO_LL
94,L546E,98,TOILET,,UNIT SPECIFIC,86,546,,,,,PRO_LL
95,L546F,98,SOILED UTILITY,,UNIT SPECIFIC,106,547,,,,YES,PRO_LL
98,L560,98,WORK ROOM,,,170,560,,,,,PRO_LL
99,L560C,239,DATA / TELE,,,7,560,,,,,PRO_LL
100,L560A,98,TOILET - WOMENS,,UNIT SPECIFIC,47,560,,,,,PRO_LL
101,L560B,98,TOILET - MENS,,UNIT SPECIFIC,48,560,,,,,PRO_LL
102,L561,98,PEDIATRICS - ISOL,,,109,561,,,,YES,PRO_LL
103,L564,98,HOLDING,"HEADWALLS (16?, 8?) minimum assumed",,1411,564,8,,,YES,PRO_LL
104,L565,98,WORK ROOM,,,99,565,,,,,PRO_LL
105,L566,98,NURSE CONTROL,,,241,566,,,,,PRO_LL
106,L567,98,DRESSING,,,108,567,,,,,PRO_LL
107,L567A,98,TOILET,,UNIT SPECIFIC,78,567,,,,,PRO_LL
108,L568,98,HOLDING,"HEADWALLS (10?, 8?) minimum assumed",,813,568,8,,,YES,PRO_LL
109,L580,228,MECH,,,6317,580,,,,,PRO_LL
110,L580A,228,MECH,,,656,580,,,,,PRO_LL
111,L580B,228,ELEC SWITCHGEAR,,,685,580,,,,,PRO_LL
112,L580C,228,ELEC SWITCHGEAR,,,569,580,,,,,PRO_LL
113,L580D,228,EMERGENCY GENERATOR,,,1020,580,,,,,PRO_LL
114,L600,228,PLANT OP CONTROL,,,452,600,,,,,PRO_LL
115,L601,228,STORAGE,,,153,601,,,,,PRO_LL
116,L602,228,PLANT OP CONTROL,,,409,602,,,,,PRO_LL
117,L608B,451,IS INFO SYSTEM,,,291,608,,,,,PRO_LL
118,L603,228,MECH,,,150,603,,,,,PRO_LL
119,L604,228,STORAGE,,,358,604,,,,,PRO_LL
120,L605,228,MECH,,,186,605,,,,,PRO_LL
121,L607,228,STORAGE,,,26,607,,,,,PRO_LL
122,L608,451,IS INFO SYSTEM,,,314,608,,,,,PRO_LL
123,L608A,451,IS INFO SYSTEM,,,922,608,,,,,PRO_LL
124,L609,228,STORAGE,,,23,609,,,,,PRO_LL
125,FCM L610,357,CORRIDOR,,,880,211,,,,,PRO_LL
126,L610A,464,PURCHASING/RECEIVING,,,1027,610,,,,,PRO_LL
127,L611,228,MECH,,,570,611,,,,,PRO_LL
128,L625,228,LINEN - SOILED,,,214,625,,,,YES,PRO_LL
129,L626,120,MORGUE,,,252,626,,,,YES,PRO_LL
130,L626A,120,MORGUE,,,78,626,,,,YES,PRO_LL
131,L626B,120,MORGUE,,,74,626,,,,YES,PRO_LL
132,L627,120,MORGUE,,,152,627,,,,YES,PRO_LL
133,L628,303,FILE ROOM - EKG,,,160,628,,,,,PRO_LL
134,L629,303,MEDICAL RECORDS,,,911,629,,,,,PRO_LL
135,L630,228,TANK STORAGE,,,134,630,,,,NO,PRO_LL
136,L631,236,STORAGE - HAZ MAT,,,246,631,,,,NO,PRO_LL
137,L632,228,WORK SHOP,,,686,632,,,,,PRO_LL
138,L633,147,RADIOLOGY FILE STORAGE,,,462,633,,,,,PRO_LL
139,L634,464,MAIL ROOM,,,231,634,,,,,PRO_LL
140,L635,228,MECH,,,115,635,,,,,PRO_LL
141,L650,228,LOCK SHOP,,,431,650,,,,,PRO_LL
142,L651,228,STORAGE,,,209,651,,,,,PRO_LL
143,L652,228,STORAGE,,,1550,652,,,,,PRO_LL
144,L653,228,MECH,,,1511,653,,,,,PRO_LL
145,L654,228,MECH,,,281,654,,,,,PRO_LL
146,L655,228,MECH,,,24,655,,,,,PRO_LL
147,L675,228,STORAGE,,,1240,675,,,,NO,PRO_LL
148,L676,228,STORAGE,,,1635,676,,,,NO,PRO_LL
149,L677,228,MECH,,,24,677,,,,,PRO_LL
187,G450,203,VENDING,,,587,1450,,,,,PRO_GL
190,G470,203,CAFETERIA,,,1788,1470,,,,,PRO_GL
191,G472,203,SERVING,,,589,1472,,,,,PRO_GL
192,G474,203,FOOD / NUTRITION SERVICES,,,3149,1474,,,,,PRO_GL
193,G476,203,OFFICE,,,55,1476,,,,,PRO_GL
194,G478,203,OFFICE,,,149,1478,,,,,PRO_GL
195,G480,265,CONFERENCE,,,582,1480,,,,,PRO_GL
196,G484,203,FOOD STORAGE,,,467,1484,,,,,PRO_GL
197,G484A,203,STORAGE,,,68,1484,,,,,PRO_GL
198,G486,203,OFFICE - MANAGER,,,61,1486,,,,,PRO_GL
199,G486A,203,OFFICE,,,74,1486,,,,,PRO_GL
200,G486B,203,OFFICE,,,74,1486,,,,,PRO_GL
201,G488,203,REFRIGERATOR,,,499,1488,,,,,PRO_GL
202,G490,203,LOCKERS,,,119,1490,,,,,PRO_GL
203,G492,203,LOCKERS,,,119,1492,,,,,PRO_GL
204,G633,339,TOILET,,UNIT SPECIFIC,180,1633,,,,,PRO_GL
205,G634,339,EQUIP,,,40,1634,,,,,PRO_GL
206,G684A,447,OFFICE,,,56,1684,,,,,PRO_GL
288,G580,277,,was LAB REGISTRATION,,555,1580,,,,,PRO_GL
289,G581A,447,TOILET,,UNIT SPECIFIC,45,1581,,,,,PRO_GL
291,G581C,447,TOILET,,UNIT SPECIFIC,26,1581,,,,,PRO_GL
294,G581E,447,LAB DRAW STN,,,22,1582,,,,NO,PRO_GL
295,G581G,137,LAB DRAW STN,,,42,1582,,,,NO,PRO_GL
296,G581J,447,LAB DRAW STN,,,26,1582,,,,NO,PRO_GL
297,G581I,447,LAB DRAW STN,,,24,1582,,,,NO,PRO_GL
298,G581H,137,LAB DRAW STN,,,31,1582,,,,NO,PRO_GL
299,G582,277,OFFICE - LAB,,,243,1582,,,,,PRO_GL
300,G583,236,JANITOR,,,37,1583,,,,,PRO_GL
301,G584,120,LAB SUPPLY,,,207,1584,,,,,PRO_GL
302,G585,447,OFFICE - LAB,,,154,1585,,,,,PRO_GL
303,G586,120,LAB CUTTING,,,204,1586,,,,NO,PRO_GL
304,G587A,447,LAB - MICROBIOLOGY,,,489,1587,,,,YES,PRO_GL
305,G587,120,LAB,,,1531,1587,,,,NO,PRO_GL
306,G587B,447,LAB - MICROBIOLOGY,,,462,1587,,,,YES,PRO_GL
307,G587C,447,LAB - MICROBIOLOGY,,,387,1587,,,,YES,PRO_GL
308,G588,447,LAB CLEAN UP,,,204,1588,,,,NO,PRO_GL
309,G589,451,IS INFO SERVICES,,,201,1589,,,,,PRO_GL
310,G590,203,LAB,,,102,1590,,,,NO,PRO_GL
311,G591,277,PHYSICIAN SERVICES,temporary CC assignment 7/22/2014,,151,1591,,,,,PRO_GL
312,G592,277,LAB,temporary CC assignment 7/22/2014,,147,1592,,,,NO,PRO_GL
313,G593,277,LAB,temporary CC assignment 7/22/2014,,134,1593,,,,NO,PRO_GL
314,G595,120,LAB,,,208,1595,,,,NO,PRO_GL
315,G595A,120,LAB STORAGE,,,16,1595,,,,,PRO_GL
316,G597,120,LAB,HOOD,,345,1597,,,,YES,PRO_GL
317,G598,120,LAB,HOOD,,305,1598,,,,YES,PRO_GL
318,G599,447,LAB STORAGE,,,422,1599,,,,,PRO_GL
319,G601,295,OFFICE,,,45,1601,,,,,PRO_GL
320,G602,220,OFFICE,,,95,1602,,,,,PRO_GL
321,G603,220,OFFICE,,,295,1603,,,,,PRO_GL
322,G604,297,OFFICE,,,83,1604,,,,,PRO_GL
323,G605,297,OFFICE,,,125,1605,,,,,PRO_GL
324,G606,297,OFFICE,,,169,1606,,,,,PRO_GL
325,G607,297,OFFICE,,,179,1607,,,,,PRO_GL
326,G608,297,OFFICE - PASTORAL CARE,,,169,1608,,,,,PRO_GL
327,G609,297,OFFICE - KNIGHTS OF MALTA,,,157,1609,,,,,PRO_GL
328,G610,297,OFFICE,,,124,1610,,,,,PRO_GL
329,G611,203,OFFICE - OUTPAT NUTRI SRV,,,168,1611,,,,,PRO_GL
330,G612,295,OFFICE - VOLUN / KNIGHTS OF MALTA,,,196,1612,,,,,PRO_GL
331,G613,239,DATA,,,19,1613,,,,,PRO_GL
332,G614,297,OFFICE - VOLUN,,,213,1614,,,,,PRO_GL
333,G615,220,OFFICE - SECURITY,,,169,1615,,,,,PRO_GL
334,G615A,220,OFFICE - SECURITY / PRKG,,,137,1615,,,,,PRO_GL
335,FCM G616,357,TOILET - MENS,,COMMON,155,1223,,,,,PRO_GL
336,G617,220,LOST & FOUND,,,51,1617,,,,,PRO_GL
337,FCM G618,357,TOILET - WOMENS,,COMMON,141,1224,,,,,PRO_GL
338,G619,220,OFFICE,,,153,1619,,,,,PRO_GL
339,G620,287,PHYSICIAN SERVICES - SUMMIT HEALTH MATCH REF,,,93,1620,,,,,PRO_GL
340,G621,277,,temp CC 10/15/2014 ??,,140,1621,,,,,PRO_GL
341,G621A,277,,temp CC 10/15/2014 ??,,70,1621,,,,,PRO_GL
342,G622,339,STORAGE,,,105,1622,,,,,PRO_GL
343,G623,277,,temp CC 10/15/2014 ??,,683,1623,,,,NO,PRO_GL
344,G623A,277,,temp CC 10/15/2014 ??,,163,1623,,,,,PRO_GL
346,G626,339,RECEPTION,,,343,1626,,,,,PRO_GL
347,G627,339,RECEPTION,,,140,1627,,,,,PRO_GL
348,G628,339,O R 1,RENTAL SO NO AIR TEST (OTHERWISE YES),,427,1628,,,,NO,PRO_GL
349,G629,339,SCRUB,,,48,1629,,,,NO,PRO_GL
350,G630,339,CLEAN UTILITY,RENTAL SO NO AIR TEST (OTHERWISE YES),,117,1630,,,,NO,PRO_GL
351,G631,339,O R 2,RENTAL SO NO AIR TEST (OTHERWISE YES),,385,1631,,,,NO,PRO_GL
352,G632,339,TECH OFFICE / STORAGE,,,216,1632,,,,,PRO_GL
353,G635,339,KITCHEN,,,390,1635,,,,,PRO_GL
354,G636,339,TOILET,,UNIT SPECIFIC,123,1636,,,,,PRO_GL
355,G637,339,OFFICE,,,181,1637,,,,,PRO_GL
356,G638,339,OFFICE,,,225,1638,,,,,PRO_GL
357,G639,236,JANITOR,,,104,1639,,,,,PRO_GL
358,G640,339,PATIENT RECOVERY,RENTAL SO NO AIR TEST (OTHERWISE YES),,1110,1640,,,,NO,PRO_GL
359,G640A,339,STORAGE,,,15,1640,,,,,PRO_GL
360,G640B,339,CORRIDOR,,,150,1640,,,,,PRO_GL
361,G641,339,TOILET,,UNIT SPECIFIC,63,1641,,,,,PRO_GL
362,G642,236,JANITOR,,,97,1642,,,,,PRO_GL
375,G661,459,OFFICE - SOC SERV,,,209,1661,,,,,PRO_GL
376,G662,459,STORAGE,,,149,1662,,,,,PRO_GL
377,G663,447,SPRINKLER,,,16,1663,,,,,PRO_GL
378,G664,228,ELEC / TELE,,,19,1664,,,,,PRO_GL
379,BCM G-02,357,BUILDING ENTRANCE,,,956,1102,,,,,PRO_GL
388,G684,447,OFFICE,,,127,1684,,,,,PRO_GL
394,G691,3,EXAM,,,162,1691,,,,,PRO_GL
395,G692,3,EXAM,,,215,1692,,,,,PRO_GL
396,G693,3,EXAM,,,234,1693,,,,,PRO_GL
397,G694,3,DRESSING,,,104,1694,,,,NO,PRO_GL
398,G665,228,MECH,,,28,1665,,,,,PRO_GL
399,2671,445,MECH,,,19,2671,,,,,PRO_2
401,2569,156,NURSE STATION - ATC,,,99,2569,,,,,PRO_2
402,2549,630,NURSE STATION,,,99,2549,,,,,PRO_2
403,2597,3,NURSE STATION,,,99,2597,,,,,PRO_2
404,2431,504,NURSE STATION,,,191,2431,,,,,PRO_2
405,2595,3,PANTRY,,,30,2595,,,,,PRO_2
406,2473,504,NURSE STATION,,,196,2473,,,,,PRO_2
407,2401,504,LOCKERS,,,187,2401,,,,,PRO_2
408,2402,504,OFFICE,SUSPENDED BED,,164,2402,,1,SUSPENDED 7/22/14,,PRO_2
409,2403,172,STORAGE,,,55,2403,,,,,PRO_2
410,2404,504,OFFICE,SUSPENDED BED,,164,2404,,1,SUSPENDED 7/22/14,,PRO_2
411,2405,504,PHARMACY,,,307,2405,,,,NO,PRO_2
412,2406,504,OFFICE,SUSPENDED BED,,164,2406,,1,SUSPENDED 7/22/14,,PRO_2
413,2407,504,STORAGE,,,139,2407,,,,,PRO_2
414,2408,504,OFFICE,SUSPENDED BED,,164,2408,,1,SUSPENDED 7/22/14,,PRO_2
415,2409,504,STORAGE,,,19,2409,,,,,PRO_2
416,2410,504,OFFICE,SUSPENDED BED,,164,2410,,1,SUSPENDED 7/22/14,,PRO_2
417,2411,504,STORAGE,,,45,2411,,,,,PRO_2
418,2412,405,OFFICE,SUSPENDED BED,,164,2412,,1,SUSPENDED 7/22/14,,PRO_2
419,2413,504,TOILET,,,39,2413,,,,,PRO_2
420,2414,405,OFFICE,SUSPENDED BED,,164,2414,,1,SUSPENDED 7/22/14,,PRO_2
421,2415,504,STORAGE,,,56,2415,,,,,PRO_2
422,2416,504,STORAGE / CONF,SUSPENDED BED,,184,2416,,1,SUSPENDED 7/22/14,,PRO_2
423,2417,236,JANITOR,,,49,2417,,,,,PRO_2
424,2418/2420,504,CONFERENCE,SUSPENDED BEDS (2),,246,2418,,2,SUSPENDED 7/22/14,,PRO_2
425,2422,504,STORAGE / CONF,SUSPENDED BED,,184,2422,,1,SUSPENDED 7/22/14,,PRO_2
426,2424,504,STORAGE,SUSPENDED BED,,184,2424,,1,SUSPENDED 7/22/14,,PRO_2
427,2426,504,OFFICE,SUSPENDED BED,,184,2426,,1,SUSPENDED 7/22/14,,PRO_2
428,2428,504,OFFICE,SUSPENDED BED,,180,2428,,1,SUSPENDED 7/22/14,,PRO_2
429,2430/2432,504,OFFICE,SUSPENDED BEDS (2),,250,2430,,2,SUSPENDED 7/22/14,,PRO_2
430,2433,236,JANITOR,,,49,2433,,,,,PRO_2
431,2434,504,STORAGE,SUSPENDED BED,,184,2434,,1,SUSPENDED 7/22/14,,PRO_2
432,2435,504,PANTRY,,,79,2435,,,,,PRO_2
433,2436,504,BREAK ROOM,HEADWALL / REMOVED BED,,164,2436,1,,REMOVED 2005 OR EARLIER,,PRO_2
434,2438,504,OFFICE,HEADWALL / REMOVED BED,,164,2438,1,,REMOVED 2005 OR EARLIER,,PRO_2
436,2440,504,OFFICE,HEADWALL / REMOVED BED,,164,2440,1,,REMOVED 2005 OR EARLIER,,PRO_2
437,2441,504,OFFICE,,,198,2441,,,,,PRO_2
438,2439,504,STORAGE,,,62,2439,,,,,PRO_2
439,2442,504,OFFICE,HEADWALL / REMOVED BED,,164,2442,1,,REMOVED 2005 OR EARLIER,,PRO_2
440,2443,172,OFFICE,,,86,2443,,,,,PRO_2
441,2444,504,OFFICE,HEADWALL / REMOVED BED,,164,2444,1,,REMOVED 2005 OR EARLIER,,PRO_2
442,2445,504,OFFICE,,,74,2445,,,,,PRO_2
443,2446,504,OFFICE,HEADWALL / REMOVED BED,,164,2446,1,,REMOVED 2005 OR EARLIER,,PRO_2
444,2447,504,CLIN TRIAL LAB PROC,,,303,2447,,,,NO,PRO_2
445,2447A,504,LAB,,,111,2447,,,,NO,PRO_2
446,2448,504,STORAGE,HEADWALL / REMOVED BED,,164,2448,1,,REMOVED 2005 OR EARLIER,,PRO_2
448,2450,504,RECEPTION (IN),HEADWALL / REMOVED BED,,164,2450,1,,REMOVED 2005 OR EARLIER,,PRO_2
450,2452,504,RECEPTION (OUT),HEADWALL / REMOVED BED,,164,2452,1,,REMOVED 2005 OR EARLIER,,PRO_2
451,2454,504,EXAM 1,HEADWALL / REMOVED BED,,164,2454,1,,REMOVED 2005 OR EARLIER,,PRO_2
452,2456,504,EXAM 2,HEADWALL / REMOVED BED,,164,2456,1,,REMOVED 2005 OR EARLIER,,PRO_2
453,2457,504,OFFICE - PHARMA CARE,,,132,2457,,,,,PRO_2
454,2458,504,EXAM 3,HEADWALL / REMOVED BED,,164,2458,1,,REMOVED 2005 OR EARLIER,,PRO_2
455,2459,206,LINEN,,,19,2459,,,,,PRO_2
456,2460,504,EXAM 4,HEADWALL / REMOVED BED,,164,2460,1,,REMOVED 2005 OR EARLIER,,PRO_2
457,2461,504,STORAGE,,,96,2461,,,,,PRO_2
458,2462,504,EXAM 5,HEADWALL / REMOVED BED,,164,2462,1,,REMOVED 2005 OR EARLIER,,PRO_2
459,2463,504,PENTAMININE ROOM,,,90,2463,,,,YES,PRO_2
460,2464,504,PROCEDURE,HEADWALL / REMOVED BED,,164,2464,1,,REMOVED 2005 OR EARLIER,NO,PRO_2
461,2465,504,ANTEROOM,,,19,2465,,,,UNKNOWN,PRO_2
462,2466/2468,504,OFFICE,HEADWALLS (2) / REMOVED BEDS (2),,280,2466,2,,REMOVED 2005 OR EARLIER,,PRO_2
463,2470,504,OFFICE / STORAGE,HEADWALL / REMOVED BED,,180,2470,1,,REMOVED 2005 OR EARLIER,,PRO_2
464,2472,504,PROCEDURE,HEADWALL / REMOVED BED,,184,2472,1,,REMOVED 2005 OR EARLIER,NO,PRO_2
465,2474,504,COUNSELING 1,HEADWALL / REMOVED BED,,184,2474,1,,REMOVED 2005 OR EARLIER,,PRO_2
466,2476,504,OFFICE,HEADWALL / REMOVED BED,,184,2476,1,,REMOVED 2005 OR EARLIER,,PRO_2
467,2478/2480,504,OFFICE - SOC SERV,HEADWALLS (2) / REMOVED BEDS (2),,288,2478,2,,REMOVED 2005 OR EARLIER,,PRO_2
468,2481,504,ANTEROOM,,,18,2481,,,,UNKNOWN,PRO_2
469,2482,504,EXAM 6,HEADWALL / REMOVED BED,,164,2482,1,,REMOVED 2005 OR EARLIER,,PRO_2
470,2483,504,STORAGE - PHARMACY,,,64,2483,,,,,PRO_2
471,2484,504,EXAM 7,HEADWALL / REMOVED BED,,164,2484,1,,REMOVED 2005 OR EARLIER,,PRO_2
472,2485,504,TOILET,,,38,2485,,,,,PRO_2
473,2486,504,EXAM 8,HEADWALL / REMOVED BED,,164,2486,1,,REMOVED 2005 OR EARLIER,,PRO_2
474,2487,504,TOILET,,,44,2487,,,,,PRO_2
475,2488,504,COUNSELING 2,HEADWALL / REMOVED BED,,164,2488,1,,REMOVED 2005 OR EARLIER,,PRO_2
476,2489,206,LINEN,,,19,2489,,,,,PRO_2
477,2490,504,OFFICE,HEADWALL / REMOVED BED,,164,2490,1,,REMOVED 2005 OR EARLIER,NO,PRO_2
478,2491,404,OFFICE - QUEST,,,123,2491,,,,,PRO_2
479,2492,504,WAITING,HEADWALL / REMOVED BED,,181,2492,1,,REMOVED 2005 OR EARLIER,,PRO_2
480,2493,239,DATA,,,12,2493,,,,,PRO_2
481,2505A,96,TELE BOOTH,,,14,2505,,,,,PRO_2
482,2505B,96,TELE BOOTH,,,18,2505,,,,,PRO_2
483,NRT 2-26,2,NRT,,,21,2326,,,,,PRO_2
484,NRT 2-25,2,NRT,,,23,2325,,,,,PRO_2
485,2500,96,OFFICE,,,195,2500,,,,,PRO_2
486,2501,228,MECH,,,550,2501,,,,,PRO_2
487,2501A,228,ELEC,,,126,2501,,,,,PRO_2
488,2501B,228,MECH,,,514,2501,,,,,PRO_2
489,2503,228,ELEC,,,70,2503,,,,,PRO_2
490,2503A,228,MECH / FAN,,,99,2503,,,,,PRO_2
491,2504,96,2 BEDS,ACTIVE BEDS,,249,2504,,2,ACTIVE 7/22/14,,PRO_2
492,2508,96,2 BEDS,ACTIVE BEDS,,272,2508,,2,ACTIVE 7/22/14,,PRO_2
493,2512,96,3 BEDS,ACTIVE BEDS,,544,2512,,3,ACTIVE 7/22/14,,PRO_2
494,2510,96,DINING,,,593,2510,,,,,PRO_2
495,2510A,96,KITCHEN,,,122,2510,,,,,PRO_2
496,2513,47,OFFICE,,,84,2513,,,,,PRO_2
497,2515,96,TUB ROOM,,,73,2515,,,,,PRO_2
498,2520,96,2 BEDS,ACTIVE BEDS,,247,2520,,2,ACTIVE 7/22/14,,PRO_2
499,2517,96,LAUNDRY,,,46,2517,,,,,PRO_2
500,2526,96,2 BEDS,ACTIVE BEDS,,247,2526,,2,ACTIVE 7/22/14,,PRO_2
501,2511,47,CONFERENCE,question: may not be correct room number ??,,384,2511,,,,,PRO_2
502,2523,96,CLEAN UTILITY,,,69,2523,,,,YES,PRO_2
503,2524,96,EXAM,,,117,2524,,,,,PRO_2
504,2525,236,JANITOR,,,8,2525,,,,,PRO_2
505,2528,96,2 BEDS,ACTIVE BEDS,,247,2528,,2,ACTIVE 7/22/14,,PRO_2
506,2527,96,SOILED UTILITY,,,66,2527,,,,YES,PRO_2
507,2532,96,2 BEDS,ACTIVE BEDS,,266,2532,,2,ACTIVE 7/22/14,,PRO_2
508,2530,297,OFFICE,,,102,2530,,,,,PRO_2
509,2536,96,2 BEDS,ACTIVE BEDS,,265,2536,,2,ACTIVE 7/22/14,,PRO_2
510,FCM 2531,357,TOILET - MENS,,COMMON,123,2211,,,,,PRO_2
511,2540,96,NURSE LOUNGE,,,218,2540,,,,,PRO_2
512,FCM 2533,357,TOILET - WOMENS,,COMMON,106,2212,,,,,PRO_2
513,2534,96,NURSE STATION - GEROPSYCH,,,248,2534,,,,,PRO_2
514,2534A,96,OFFICE,,,27,2534,,,,,PRO_2
515,2534B,96,OFFICE,,,48,2534,,,,,PRO_2
516,2534C,96,TOILET,,UNIT SPECIFIC,67,2534,,,,,PRO_2
517,2535,96,OFFICE - CONSULT,,,92,2535,,,,,PRO_2
518,2537,96,TOILET,,UNIT SPECIFIC,58,2537,,,,,PRO_2
519,2540A,3,WAITING,,,201,2540,,,,,PRO_2
520,2540B,297,CHAPEL,,,403,2540,,,,,PRO_2
521,2540C,3,WAITING,,,181,2540,,,,,PRO_2
522,2541,630,,was COPY,,105,2541,,,,,PRO_2
523,2542,630,,SUSPENDED BED,,146,2542,,1,SUSPENDED 7/22/14,,PRO_2
524,2543,630,,was BLANKET WARMER,,81,2543,,,,NO,PRO_2
525,2544,630,,SUSPENDED BED,,153,2544,,1,SUSPENDED 7/22/14,,PRO_2
526,2546,630,,SUSPENDED BED,,217,2546,,1,SUSPENDED 7/22/14,,PRO_2
527,2548,630,,SUSPENDED BED,,151,2548,,1,SUSPENDED 7/22/14,,PRO_2
528,2550,236,JANITOR,,,19,2550,,,,,PRO_2
529,2551,630,,,,63,2551,,,,NO,PRO_2
530,2552,630,,SUSPENDED BED,,139,2552,,1,SUSPENDED 7/22/14,,PRO_2
531,2553,630,,was OFFICE,,96,2553,,,,,PRO_2
532,2554,630,,SUSPENDED BED,,138,2554,,1,SUSPENDED 7/22/14,,PRO_2
533,2555,630,TOILET,,UNIT SPECIFIC,44,2555,,,,,PRO_2
534,2556,630,,SUSPENDED BED / was CLEAN SUPPLY,,151,2556,,1,SUSPENDED 7/22/14,YES,PRO_2
535,2558,630,,SUSPENDED BED,,151,2558,,1,SUSPENDED 7/22/14,,PRO_2
536,2560,276,LAB - GI,,,99,2560,,,,YES,PRO_2
537,2561,156,LOUNGE - GI,,,210,2561,,,,,PRO_2
538,2561A,156,STORAGE,,,27,2561,,,,,PRO_2
539,2562,156,,SUSPENDED BED,,147,2562,,1,SUSPENDED 7/22/14,,PRO_2
541,2564,156,,SUSPENDED BED,,147,2564,,1,SUSPENDED 7/22/14,,PRO_2
542,2567,156,JANITOR,,,55,2567,,,,,PRO_2
543,2566,156,LOUNGE,SUSPENDED BED,,151,2566,,1,SUSPENDED 7/22/14,,PRO_2
544,2565,156,TOILET - WOMENS,,UNIT SPECIFIC,33,2565,,,,,PRO_2
545,2568,156,,SUSPENDED BED,,151,2568,,1,SUSPENDED 7/22/14,,PRO_2
546,2570,3,OFFICE - DIRECTOR,,,203,2570,,,,,PRO_2
547,2571,156,SPRINKLER,,,24,2571,,,,,PRO_2
548,2572,3,,SUSPENDED BED,,125,2572,,1,SUSPENDED 7/22/14,,PRO_2
549,2573,156,MECH,,,23,2573,,,,,PRO_2
550,2574,3,,SUSPENDED BED,,153,2574,,1,SUSPENDED 7/22/14,,PRO_2
551,2576,156,LACTATION,SUSPENDED BED,,218,2576,,1,SUSPENDED 7/22/14,,PRO_2
552,2578,156,,SUSPENDED BED,,151,2578,,1,SUSPENDED 7/22/14,,PRO_2
553,2580,236,JANITOR,,,28,2580,,,,,PRO_2
554,2581,3,OFFICE,,,81,2581,,,,,PRO_2
555,2582,3,EXAM 1,SUSPENDED BED,,124,2582,,1,SUSPENDED 7/22/14,,PRO_2
556,2583,156,CLEAN SUPPLY,,,191,2583,,,,YES,PRO_2
557,2584,3,EXAM 2,SUSPENDED BED,,152,2584,,1,SUSPENDED 7/22/14,,PRO_2
558,2586,3,EXAM 3,SUSPENDED BED,,218,2586,,1,SUSPENDED 7/22/14,,PRO_2
559,2588,3,EXAM 4,SUSPENDED BED,,151,2588,,1,SUSPENDED 7/22/14,,PRO_2
560,2590,228,MECH,,,1088,2590,,,,,PRO_2
561,2590A,239,DATA,,,14,2590,,,,,PRO_2
562,2591,3,OFFICE,,,104,2591,,,,,PRO_2
563,2591A,3,OFFICE,,,67,2591,,,,,PRO_2
564,2592,3,CONFERENCE,SUSPENDED BED,,194,2592,,1,SUSPENDED 7/22/14,,PRO_2
565,2593,3,OFFICE,,,75,2593,,,,,PRO_2
566,2594,3,EXAM 7,SUSPENDED BED,,144,2594,,1,SUSPENDED 7/22/14,,PRO_2
567,2596,3,EXAM 6,SUSPENDED BED,,144,2596,,1,SUSPENDED 7/22/14,,PRO_2
568,2598,3,EXAM 5,SUSPENDED BED,,203,2598,,1,SUSPENDED 7/22/14,,PRO_2
569,2599,3,TOILET,,UNIT SPECIFIC,79,2599,,,,,PRO_2
570,FCM 2600N,357,RECEPTION,,,128,2214,,,,,PRO_2
571,2600K,444,TOILET,,UNIT SPECIFIC,58,2600,,,,,PRO_2
572,2600A,265,OFFICE,,,135,2600,,,,,PRO_2
573,2600B,276,OFFICE,,,123,2600,,,,,PRO_2
574,2600C,444,OFFICE,,only occurence,95,2600,,,,,PRO_2
575,2600D,444,OFFICE,,,99,2600,,,,,PRO_2
576,2600E,444,OFFICE,,,62,2600,,,,,PRO_2
577,2600F,444,OFFICE,,,134,2600,,,,,PRO_2
578,2600G,444,OFFICE,,,267,2600,,,,,PRO_2
579,2600H,444,CONFERENCE,,,352,2600,,,,,PRO_2
580,2600I,444,EXAM STORAGE,,,143,2600,,,,,PRO_2
581,2600J,444,OFFICE,,,71,2600,,,,,PRO_2
582,2601,444,STORAGE - FOUNDATION,,,125,2601,,,,,PRO_2
583,2603,277,OFFICE - LEASING,,,154,2603,,,,,PRO_2
584,2604,265,OFFICE,,,231,2604,,,,NO,PRO_2
585,2604A,228,ELEC,,,43,2604,,,,,PRO_2
586,2605,277,OFFICE - LEASING,,,288,2605,,,,,PRO_2
588,2606,594,OFFICE,,,403,2606,,,,NO,PRO_2
589,2607,589,OFFICE - SAFETY,,,179,2607,,,,,PRO_2
590,FCM 2625,357,TOILET,,COMMON,156,2215,,,,,PRO_2
591,2626,236,LOCKERS - WOMENS,,,168,2626,,,,,PRO_2
592,2627,236,TOILET - STAFF,,UNIT SPECIFIC,159,2627,,,,,PRO_2
593,2628,236,STORAGE - EQUIP,,,224,2628,,,,,PRO_2
594,2629,236,STORAGE,,,358,2629,,,,,PRO_2
595,2630,236,STORAGE CAGE,,,642,2630,,,,,PRO_2
596,2631,236,OFFICE,,,142,2631,,,,NO,PRO_2
597,2632,236,LOUNGE,,,201,2632,,,,,PRO_2
598,2633,236,SUPPLY,,,294,2633,,,,,PRO_2
599,2634,206,LINEN COMPOUND,,,372,2634,,,,,PRO_2
600,2635,236,LAUNDRY,,,194,2635,,,,,PRO_2
601,2636,236,LOCKERS - MENS,,,155,2636,,,,,PRO_2
602,2636A,236,TOILET - STAFF,,UNIT SPECIFIC,186,2636,,,,,PRO_2
603,2637,236,OFFICE,,,180,2637,,,,,PRO_2
604,FCM 2638,357,TOILET,,COMMON,133,2216,,,,,PRO_2
605,2650,241,JANITOR,,,59,2650,,,,,PRO_2
606,2651,241,DATA / TELE,,,11,2651,,,,,PRO_2
608,2652,241,OPEN OFFICE,,,3587,2652,,,,,PRO_2
612,2653,241,TOILET,,,106,2653,,,,,PRO_2
613,2654,241,CONFERENCE,,,172,2654,,,,,PRO_2
614,2655,241,OFFICE,,,168,2655,,,,,PRO_2
615,2656,241,BREAK ROOM,,,209,2656,,,,,PRO_2
616,2657,241,TOILET,,UNIT SPECIFIC,68,2657,,,,,PRO_2
618,2658,241,FILE ROOM,,,149,2658,,,,,PRO_2
619,2659,241,MECH,,,79,2659,,,,,PRO_2
627,2667,445,SPRINKLER,,,30,2667,,,,,PRO_2
628,2677,445,WAITING,,,314,2677,,,,,PRO_2
629,2678,445,RECEPTION,,,94,2678,,,,,PRO_2
630,2679,445,OFFICE,,,283,2679,,,,,PRO_2
631,2679A,445,LOUNGE,,,79,2679,,,,,PRO_2
632,2679B,445,OFFICE,,,63,2679,,,,,PRO_2
633,2681A,445,EXAM,,,87,2681,,,,,PRO_2
634,2681B,445,EXAM,,,93,2681,,,,,PRO_2
635,2681C,445,EXAM,,,86,2681,,,,,PRO_2
636,2681,445,NURSE STATION,,,122,2681,,,,,PRO_2
637,2693,445,OFFICE,,,81,2693,,,,,PRO_2
638,2685,445,TOILET,,UNIT SPECIFIC,72,2685,,,,,PRO_2
639,2686,445,DATA,,,39,2686,,,,,PRO_2
640,2687,445,CLEAN UTILITY,,,71,2687,,,,YES,PRO_2
641,2688,445,STORAGE,,,49,2688,,,,,PRO_2
642,2689A,445,SIMULATOR,,,289,2689,,,,,PRO_2
643,2689C,445,SIMULATOR,,,256,2689,,,,,PRO_2
644,2689B,445,SHIELDED BOOTH,,,155,2689,,,,NO,PRO_2
645,2691,445,TECH / RN,,,102,2691,,,,,PRO_2
646,2694B,445,OFFICE,,,141,2694,,,,,PRO_2
647,2698B,445,NURSE STATION,,,65,2698,,,,,PRO_2
648,2698A,445,NURSE STATION,,,216,2698,,,,,PRO_2
649,2692,445,STORAGE,,,60,2692,,,,,PRO_2
650,2694A,445,OFFICE,,,72,2694,,,,,PRO_2
651,2694C,445,OFFICE,,,120,2694,,,,,PRO_2
652,2695A,445,OFFICE,,,136,2695,,,,,PRO_2
653,2695B,445,OFFICE,,,123,2695,,,,,PRO_2
654,2695C,445,OFFICE,,,128,2695,,,,,PRO_2
655,2697,445,CONFERENCE,,,269,2697,,,,,PRO_2
656,3489,447,NURSE STATION,,,349,3489,,,,,PRO_3
657,3431,447,NURSE STATION,,,264,3431,,,,,PRO_3
658,3400,447,,SUSPENDED BED,,164,3400,,1,SUSPENDED 7/22/14,,PRO_3
659,3401,447,TOILET,,COMMON,39,3401,,,,,PRO_3
660,3402,447,,SUSPENDED BED,,164,3402,,1,SUSPENDED 7/22/14,,PRO_3
661,3403,447,TOILET,,COMMON,51,3403,,,,,PRO_3
662,3404,447,,HEADWALL / REMOVED BED,,164,3404,1,,REMOVED 2005 OR EARLIER,,PRO_3
663,3405,236,JANITOR,,,32,3405,,,,,PRO_3
664,3406,447,,HEADWALL / REMOVED BED,,164,3406,1,,REMOVED 2005 OR EARLIER,,PRO_3
665,3407,447,FILE ROOM,,,282,3407,,,,,PRO_3
666,3408,447,,HEADWALL / REMOVED BED,,164,3408,1,,REMOVED 2005 OR EARLIER,,PRO_3
667,3409,447,DICTATION,,,50,3409,,,,,PRO_3
668,3410,447,,HEADWALL / REMOVED BED,,164,3410,1,,REMOVED 2005 OR EARLIER,,PRO_3
669,3411,206,LINEN,,,21,3411,,,,,PRO_3
670,3412,447,,HEADWALL / REMOVED BED,,164,3412,1,,REMOVED 2005 OR EARLIER,,PRO_3
671,3413,228,ELEC,,,67,3413,,,,,PRO_3
672,3414,447,,HEADWALL / REMOVED BED,,164,3414,1,,REMOVED 2005 OR EARLIER,,PRO_3
673,3415,447,TUB ROOM,,,74,3415,,,,,PRO_3
674,3416,447,ISOL (OFFICE TEMPORARILY),HEADWALL / REMOVED BED; temporarily an office 10/15/2014,,164,3416,1,,REMOVED 2005 OR EARLIER,NO,PRO_3
676,3418/3420,447,,HEADWALLS (2) / REMOVED BEDS (2),,270,3418,2,,REMOVED 2005 OR EARLIER,,PRO_3
677,3419,447,LOCKERS,,,111,3419,,,,,PRO_3
678,3422,447,,HEADWALL / REMOVED BED,,161,3422,1,,REMOVED 2005 OR EARLIER,,PRO_3
679,3424,447,,HEADWALL / REMOVED BED,,131,3424,1,,REMOVED 2005 OR EARLIER,,PRO_3
680,3426,447,,HEADWALL / REMOVED BED,,158,3426,1,,REMOVED 2005 OR EARLIER,,PRO_3
681,3428,447,,HEADWALL / REMOVED BED,,161,3428,1,,REMOVED 2005 OR EARLIER,,PRO_3
682,3430/3432,447,,HEADWALLS (2) / REMOVED BEDS (2),,275,3430,2,,REMOVED 2005 OR EARLIER,,PRO_3
684,3434,447,ISOL (OFFICE TEMPORARILY),HEADWALL / REMOVED BED; temporarily an office 10/15/2014,,164,3434,1,,REMOVED 2005 OR EARLIER,NO,PRO_3
685,3435,447,CONFERENCE,,,143,3435,,,,,PRO_3
686,3436,447,,HEADWALL / REMOVED BED,,164,3436,1,,REMOVED 2005 OR EARLIER,,PRO_3
687,3437,206,LINEN,,,15,3437,,,,,PRO_3
688,3438,447,,HEADWALL / REMOVED BED,,164,3438,1,,REMOVED 2005 OR EARLIER,,PRO_3
689,3439,447,MEDICATION,,,49,3439,,,,,PRO_3
690,3440,447,,HEADWALL / REMOVED BED,,164,3440,1,,REMOVED 2005 OR EARLIER,,PRO_3
691,3441,447,CONFERENCE,,,128,3441,,,,,PRO_3
693,3442,447,,HEADWALL / REMOVED BED,,164,3442,1,,REMOVED 2005 OR EARLIER,,PRO_3
694,3443,156,SUPPLY - RT,,,55,3443,,,,,PRO_3
695,3444,447,,HEADWALL / REMOVED BED,,164,3444,1,,REMOVED 2005 OR EARLIER,,PRO_3
696,3445,447,CLEAN UTILITY,,,323,3445,,,,YES,PRO_3
697,3446,447,,HEADWALL / REMOVED BED,,164,3446,1,,REMOVED 2005 OR EARLIER,,PRO_3
698,3448,447,,SUSPENDED BED,,164,3448,,1,SUSPENDED 7/22/14,,PRO_3
699,3449,447,STORAGE,,,325,3449,,,,,PRO_3
700,3450,447,,SUSPENDED BED,,164,3450,,1,SUSPENDED 7/22/14,,PRO_3
701,3451,447,EXAM,,,111,3451,,,,,PRO_3
702,3452,447,,SUSPENDED BED,,164,3452,,1,SUSPENDED 7/22/14,,PRO_3
703,3453,447,LOUNGE - PARENTS,,,124,3453,,,,,PRO_3
704,3454,447,,SUSPENDED BED,,164,3454,,1,SUSPENDED 7/22/14,,PRO_3
705,3456,447,,SUSPENDED BED,,164,3456,,1,SUSPENDED 7/22/14,,PRO_3
706,3458,447,,SUSPENDED BED,,164,3458,,1,SUSPENDED 7/22/14,,PRO_3
707,3459,447,OFFICE,,,92,3459,,,,,PRO_3
708,3460,447,,SUSPENDED BED,,164,3460,,1,SUSPENDED 7/22/14,,PRO_3
709,3461,206,LINEN,,,20,3461,,,,,PRO_3
710,3462,447,,SUSPENDED BED,,164,3462,,1,SUSPENDED 7/22/14,,PRO_3
711,3463,228,ELEC,,,55,3463,,,,,PRO_3
712,3464,447,ISOL (OFFICE TEMPORARILY),SUSPENDED BED; temporarily an office 10/15/2014,,164,3464,,1,SUSPENDED 7/22/14,NO,PRO_3
714,3466/3468,447,,SUSPENDED BEDS (2),,273,3466,,2,SUSPENDED 7/22/14,,PRO_3
715,3467,236,JANITOR,,,70,3467,,,,,PRO_3
716,3469,447,KITCHEN,,,74,3469,,,,,PRO_3
717,3470,447,,SUSPENDED BED,,161,3470,,1,SUSPENDED 7/22/14,,PRO_3
718,3472,447,,SUSPENDED BED,,161,3472,,1,SUSPENDED 7/22/14,,PRO_3
719,3473,447,SOILED UTILITY,,,48,3473,,,,YES,PRO_3
720,3474,447,,SUSPENDED BED,,161,3474,,1,SUSPENDED 7/22/14,,PRO_3
721,3476,447,,SUSPENDED BED,,161,3476,,1,SUSPENDED 7/22/14,,PRO_3
722,3478/3480,447,,SUSPENDED BEDS (2),,242,3478,,2,SUSPENDED 7/22/14,,PRO_3
723,3479,447,WAITING / CONF,,,155,3479,,,,,PRO_3
724,3481,447,ANTEROOM,,,17,3481,,,,UNKNOWN,PRO_3
725,3482,447,ISOL (OFFICE TEMPORARILY),SUSPENDED BED; temporarily an office 10/15/2014,,163,3482,,1,SUSPENDED 7/22/14,NO,PRO_3
726,3484,447,,SUSPENDED BED,,164,3484,,1,SUSPENDED 7/22/14,,PRO_3
727,3485,206,LINEN,,,19,3485,,,,,PRO_3
728,3486,447,,SUSPENDED BED,,164,3486,,1,SUSPENDED 7/22/14,,PRO_3
729,3487,447,CLEAN UTILITY,,,65,3487,,,,YES,PRO_3
730,3488,447,,SUSPENDED BED,,164,3488,,1,SUSPENDED 7/22/14,,PRO_3
731,3490,447,,SUSPENDED BED,,164,3490,,1,SUSPENDED 7/22/14,,PRO_3
732,3492,447,,SUSPENDED BED,,164,3492,,1,SUSPENDED 7/22/14,,PRO_3
733,3493,239,DATA / TELE,,,12,3493,,,,,PRO_3
734,3494,447,,SUSPENDED BED,,164,3494,,1,SUSPENDED 7/22/14,,PRO_3
735,3601,581,OPEN OFFICE,,,1995,3601,,,,,PRO_3
737,3602,581,CORRIDOR,,,728,3602,,,,,PRO_3
738,3603,581,OFFICE,,,179,3603,,,,,PRO_3
739,3604,581,OFFICE,,,130,3604,,,,,PRO_3
740,3605,581,CONFERENCE,,,215,3605,,,,,PRO_3
741,FCM 3623,357,TOILET - MENS,,COMMON,177,3207,,,,,PRO_3
742,3626,505,OPEN OFFICE,,,2897,3626,,,,,PRO_3
743,FCM 3624,357,TOILET - WOMENS,,COMMON,146,3208,,,,,PRO_3
744,3650,3,RECEPTION,,,252,3650,,,,,PRO_3
745,3652A,239,DATA / TELE,,,205,3652,,,,,PRO_3
746,3652,446,OFFICE,,,169,3652,,,,,PRO_3
747,3653,446,OPEN OFFICE,,,456,3653,,,,,PRO_3
748,3654,446,OFFICE,,,162,3654,,,,,PRO_3
749,3655,446,OFFICE,,,142,3655,,,,,PRO_3
750,3656,446,CONFERENCE,,,507,3656,,,,,PRO_3
751,3657,446,LOUNGE,,,190,3657,,,,,PRO_3
752,3658,446,OFFICE,,,229,3658,,,,,PRO_3
753,3659,446,TOILET,,UNIT SPECIFIC,125,3659,,,,,PRO_3
754,3661,446,OPEN OFFICE,,,336,3661,,,,,PRO_3
755,3660A,446,MECH,,fan unit - unit specific,43,3660,,,,,PRO_3
756,3662,446,OPEN OFFICE,,,312,3662,,,,,PRO_3
757,3663,446,OFFICE,,,187,3663,,,,,PRO_3
758,3626A,505,MECH,,fan unit - unit specific,67,3626,,,,,PRO_3
759,3625,505,COPY / BREAK ROOM,,,107,3625,,,,,PRO_3
760,3626B,505,CONFERENCE,,,194,3626,,,,,PRO_3
761,3627,505,OFFICE,,,112,3627,,,,,PRO_3
762,3628,505,OFFICE,,,90,3628,,,,,PRO_3
763,3629,505,OFFICE,,,123,3629,,,,,PRO_3
764,3630,505,OFFICE,,,100,3630,,,,,PRO_3
765,3631,505,OFFICE,,,110,3631,,,,,PRO_3
766,3632,505,OFFICE,,,104,3632,,,,,PRO_3
768,3674,3,WAITING,,,267,3674,,,,,PRO_3
769,3664A,228,SPRINKLER,,,28,3664,,,,,PRO_3
770,3675 (1),577,CONFERENCE,primary tag; room number is 3675,,93,3675,,,,,PRO_3
771,3674A,239,DATA / TELE,,,8,3674,,,,,PRO_3
772,3676,577,OFFICE,,,137,3676,,,,,PRO_3
773,3677,600,OFFICE,,,262,3677,,,,,PRO_3
774,3678,3,OPEN OFFICE,,,283,3678,,,,,PRO_3
775,3679,591,OFFICE,was HOTEL OFFICE,,135,3679,,,,,PRO_3
776,3680,631,OFFICE,was HOTEL OFFICE,,130,3680,,,,,PRO_3
777,3681,3,OFFICE,,,201,3681,,,,,PRO_3
778,3682 (1),577,CONFERENCE,primary tag; room number is 3682,,56,3682,,,,,PRO_3
779,3683,591,OPEN OFFICE,,,784,3683,,,,,PRO_3
780,3683A,228,MECH,,,53,3683,,,,,PRO_3
781,3684,600,OFFICE,,,128,3684,,,,,PRO_3
782,3688,228,MECH,,,27,3688,,,,,PRO_3
783,4489,3,NURSE STATION - NORTH,,,349,4489,,,,,PRO_4
784,4431,3,NURSE STATION - SOUTH,,,260,4431,,,,,PRO_4
785,4400,3,,HEADWALL / REMOVED BED,,164,4400,1,,REMOVED 2010 OR EARLIER,,PRO_4
786,4401,3,LOCKERS - MENS,,,29,4401,,,,,PRO_4
787,4402,3,,HEADWALL / REMOVED BED,,164,4402,1,,REMOVED 2010 OR EARLIER,,PRO_4
788,4403,3,TOILET,,,56,4403,,,,,PRO_4
789,4404,3,,HEADWALL / REMOVED BED,,164,4404,1,,REMOVED 2010 OR EARLIER,,PRO_4
790,4405,3,OFFICE - SOC SERV,,,92,4405,,,,,PRO_4
791,4406,3,,HEADWALL / REMOVED BED,,164,4406,1,,REMOVED 2010 OR EARLIER,,PRO_4
792,4407,236,JANITOR,,,32,4407,,,,,PRO_4
793,4408,3,,HEADWALL / REMOVED BED,,164,4408,1,,REMOVED 2010 OR EARLIER,,PRO_4
794,4409,3,SNF CHARTING,,,32,4409,,,,,PRO_4
795,4410,3,,HEADWALL / REMOVED BED,,164,4410,1,,REMOVED 2010 OR EARLIER,,PRO_4
796,4411,206,LINEN,,,21,4411,,,,,PRO_4
797,4412,3,,HEADWALL / REMOVED BED,,164,4412,1,,REMOVED 2010 OR EARLIER,,PRO_4
798,4413,228,ELEC,,,67,4413,,,,,PRO_4
799,4414,3,,HEADWALL / REMOVED BED,,164,4414,1,,REMOVED 2010 OR EARLIER,,PRO_4
800,4415,3,MEDICATION,,,82,4415,,,,,PRO_4
801,4416,3,,HEADWALL / REMOVED BED,,164,4416,1,,REMOVED 2010 OR EARLIER,,PRO_4
802,4418/4420,3,,HEADWALLS (2) / question: missing toilet on plan ??,,293,4418,2,,REMOVED 2010 OR EARLIER,,PRO_4
803,4419,3,LOCKERS - WOMENS,,,57,4419,,,,,PRO_4
804,4419A,3,TOILET,,UNIT SPECIFIC,46,4419,,,,,PRO_4
805,4422,3,,HEADWALL / REMOVED BED,,161,4422,1,,REMOVED 2010 OR EARLIER,,PRO_4
806,4424,3,,HEADWALL / REMOVED BED,,161,4424,1,,REMOVED 2010 OR EARLIER,,PRO_4
807,4426,3,,HEADWALL / REMOVED BED,,161,4426,1,,REMOVED 2010 OR EARLIER,,PRO_4
808,4428,3,,HEADWALL / REMOVED BED,,161,4428,1,,REMOVED 2010 OR EARLIER,,PRO_4
809,4430/4432,3,,HEADWALLS (2) / REMOVED BEDS (2),,293,4430,2,,REMOVED 2010 OR EARLIER,,PRO_4
810,4434,3,,HEADWALL / REMOVED BED,,164,4434,1,,REMOVED 2010 OR EARLIER,,PRO_4
811,4435,3,CONFERENCE,,,143,4435,,,,,PRO_4
812,4436,3,,HEADWALL / REMOVED BED,,164,4436,1,,REMOVED 2010 OR EARLIER,,PRO_4
813,4437,228,ELEC,,,15,4437,,,,,PRO_4
814,4438,3,,HEADWALL / REMOVED BED,,164,4438,1,,REMOVED 2010 OR EARLIER,,PRO_4
815,4439,3,NURSE SUPPORT,,,64,4439,,,,,PRO_4
816,4440,3,,HEADWALL / REMOVED BED,,164,4440,1,,REMOVED 2010 OR EARLIER,,PRO_4
817,4441,3,OFFICE,,,77,4441,,,,,PRO_4
818,4442,3,,HEADWALL / REMOVED BED,,164,4442,1,,REMOVED 2010 OR EARLIER,,PRO_4
819,4443,3,SOILED UTILITY,,,292,4443,,,,YES,PRO_4
820,4444,3,,HEADWALL / REMOVED BED,,164,4444,1,,REMOVED 2010 OR EARLIER,,PRO_4
821,4445,3,STORAGE,,,96,4445,,,,,PRO_4
822,4446,3,,HEADWALL / REMOVED BED,,164,4446,1,,REMOVED 2010 OR EARLIER,,PRO_4
823,4447,3,PANTRY,,,231,4447,,,,,PRO_4
824,4448,3,,HEADWALL / REMOVED BED,,164,4448,1,,REMOVED 2010 OR EARLIER,,PRO_4
825,4449,3,ACTIVITY,,,325,4449,,,,,PRO_4
826,4449A,3,ACTIVITY,,,124,4449,,,,,PRO_4
827,4450,3,,HEADWALL / REMOVED BED,,164,4450,1,,REMOVED 2010 OR EARLIER,,PRO_4
828,4451,3,BEAUTY SALON,,,116,4451,,,,,PRO_4
829,4452,3,,HEADWALL / REMOVED BED,,164,4452,1,,REMOVED 2010 OR EARLIER,,PRO_4
830,4454,3,,HEADWALL / REMOVED BED,,164,4454,1,,REMOVED 2010 OR EARLIER,,PRO_4
831,4456,3,,HEADWALL / REMOVED BED,,164,4456,1,,REMOVED 2010 OR EARLIER,,PRO_4
832,4458,3,,HEADWALL / REMOVED BED,,164,4458,1,,REMOVED 2010 OR EARLIER,,PRO_4
833,4459,3,LOCKERS,,,54,4459,,,,,PRO_4
834,4460,3,,HEADWALL / REMOVED BED,,164,4460,1,,REMOVED 2010 OR EARLIER,,PRO_4
835,4461,3,TOILET - STAFF,,UNIT SPECIFIC,59,4461,,,,,PRO_4
836,4462,3,,HEADWALL / REMOVED BED,,164,4462,1,,REMOVED 2010 OR EARLIER,,PRO_4
837,4463,228,ELEC,,,55,4463,,,,,PRO_4
838,4464,3,ISOL (OFFICE TEMPORARILY),HEADWALL / REMOVED BED; temporarily an office 10/15/2014,,164,4464,1,,REMOVED 2010 OR EARLIER,NO,PRO_4
840,4466/4468,3,,HEADWALLS (2) / REMOVED BEDS (2),,270,4466,2,,REMOVED 2010 OR EARLIER,,PRO_4
841,4467,3,OFFICE - CASE MGR,,,67,4467,,,,,PRO_4
842,4469,3,MEDICATION,,,125,4469,,,,,PRO_4
843,4470,3,,HEADWALL / REMOVED BED,,161,4470,1,,REMOVED 2010 OR EARLIER,,PRO_4
844,4472,3,,HEADWALL / REMOVED BED,,161,4472,1,,REMOVED 2010 OR EARLIER,,PRO_4
846,4474,3,,HEADWALL / REMOVED BED,,161,4474,1,,REMOVED 2010 OR EARLIER,,PRO_4
847,4476,3,,HEADWALL / REMOVED BED,,161,4476,1,,REMOVED 2010 OR EARLIER,,PRO_4
848,4478/4480,3,,HEADWALLS (2) / REMOVED BEDS (2),,288,4478,2,,REMOVED 2010 OR EARLIER,,PRO_4
849,4479,3,,question: WAS 2 BEDS ??,,155,4479,,,,,PRO_4
850,4482,3,,HEADWALL / REMOVED BED,,164,4482,1,,REMOVED 2010 OR EARLIER,,PRO_4
851,4683,3,OFFICE,,PROBLEM ??,109,4683,,,,,PRO_4
852,4484,3,,HEADWALL / REMOVED BED,PROBLEM ??,164,4484,1,,REMOVED 2010 OR EARLIER,,PRO_4
853,4684,3,OFFICE,,PROBLEM ??,200,4684,,,,,PRO_4
854,4685,3,COPY,,PROBLEM ??,116,4685,,,,,PRO_4
855,4485,236,JANITOR,,PROBLEM ??,34,4485,,,,,PRO_4
856,4486,3,,HEADWALL / REMOVED BED,,164,4486,1,,REMOVED 2010 OR EARLIER,,PRO_4
857,4487,3,STORAGE,,,50,4487,,,,,PRO_4
858,4488,3,,HEADWALL / REMOVED BED,,164,4488,1,,REMOVED 2010 OR EARLIER,,PRO_4
859,4490,3,,HEADWALL / REMOVED BED,,164,4490,1,,REMOVED 2010 OR EARLIER,,PRO_4
860,4492,3,,HEADWALL / REMOVED BED,,164,4492,1,,REMOVED 2010 OR EARLIER,,PRO_4
861,4493,239,DATA / TELE,,,12,4493,,,,,PRO_4
862,4494,3,,HEADWALL / REMOVED BED,,164,4494,1,,REMOVED 2010 OR EARLIER,,PRO_4
863,4601,473,OPEN OFFICE,,,3209,4601,,,,,PRO_4
864,4625,474,CONFERENCE,,,330,4625,,,,,PRO_4
865,4626,3,OFFICE,,,477,4626,,,,,PRO_4
866,4628,3,OFFICE,,,344,4628,,,,,PRO_4
867,4629,454,OFFICE,,,242,4629,,,,,PRO_4
868,4630,454,OFFICE,,,356,4630,,,,,PRO_4
869,4631,3,OFFICE,,,144,4631,,,,,PRO_4
870,4632,3,OFFICE,,,1252,4632,,,,,PRO_4
872,4635,3,TOILET,,UNIT SPECIFIC,21,4635,,,,,PRO_4
873,4636,3,TOILET,,UNIT SPECIFIC,22,4636,,,,,PRO_4
874,4637,3,LOUNGE,,,391,4637,,,,,PRO_4
875,4638,3,OFFICE,,,221,4638,,,,,PRO_4
876,4639,236,JANITOR,,,106,4639,,,,,PRO_4
877,FCM 4650,357,TOILET,,COMMON,82,4207,,,,,PRO_4
878,FCM 4651,357,TOILET,,COMMON,109,4208,,,,,PRO_4
879,4652,3,LOUNGE,,,244,4652,,,,,PRO_4
880,4653,3,OPEN OFFICE,,,891,4653,,,,,PRO_4
881,4654,3,OFFICE,,,248,4654,,,,,PRO_4
882,4655,3,OFFICE,,,264,4655,,,,,PRO_4
883,4656,3,OFFICE,,,478,4656,,,,,PRO_4
884,4657,3,OFFICE,,,96,4657,,,,,PRO_4
885,4658,3,STORAGE,,,182,4658,,,,,PRO_4
886,4659,3,DATA,,,61,4659,,,,,PRO_4
887,4660,3,OFFICE,,,133,4660,,,,,PRO_4
888,4661,3,OFFICE,,,957,4661,,,,,PRO_4
889,4674,3,OFFICE,,,242,4674,,,,,PRO_4
890,4674A,228,SPRINKLER,,,41,4674,,,,,PRO_4
891,4675,3,OFFICE,,,269,4675,,,,,PRO_4
892,4676,3,OFFICE,,,136,4676,,,,,PRO_4
893,4677,3,STORAGE,,,85,4677,,,,,PRO_4
894,4678,3,OFFICE,,,200,4678,,,,,PRO_4
895,4679,3,OFFICE,,,117,4679,,,,,PRO_4
896,4680,3,OFFICE,,,2692,4680,,,,,PRO_4
897,4681,3,STORAGE,,,256,4681,,,,,PRO_4
898,4682,3,STORAGE,,,50,4682,,,,,PRO_4
899,4687,473,CONFERENCE,,,112,4687,,,,,PRO_4
900,4688,228,MECH,,,31,4688,,,,,PRO_4
901,5409E,172,EXAM,,OLD NURSERY,44,5410,,,,,PRO_5
902,5629,38,WAITING,,,73,5629,,,,,PRO_5
904,5489,436,NURSE STATION,,,349,5489,,,,,PRO_5
905,5431,172,NURSE STATION,,,176,5431,,,,,PRO_5
906,5400,436,1 BED (ABSMC LICENSE),SUSPENDED BED (should be on tenant license),,164,5400,,1,SUSPENDED 7/22/14,,PRO_5
907,FCM 5401,357,TOILET,,COMMON,80,5207,,,,,PRO_5
908,5402,436,1 BED (ABSMC LICENSE),SUSPENDED BED (should be on tenant license),,164,5402,,1,SUSPENDED 7/22/14,,PRO_5
909,5403,436,TOILET,,,44,5403,,,,,PRO_5
910,5404,172,,SUSPENDED BED,,164,5404,,1,SUSPENDED 7/22/14,,PRO_5
911,5405,436,LOCKERS,,,72,5405,,,,,PRO_5
912,5406,203,,SUSPENDED BED,,164,5406,,1,SUSPENDED 7/22/14,,PRO_5
913,5408,47,,SUSPENDED BED,,164,5408,,1,SUSPENDED 7/22/14,,PRO_5
914,5409,172,PT - SNF,,OLD NURSERY,138,5409,,,,,PRO_5
915,5409A,172,SOILED UTILITY,,OLD NURSERY,40,5409,,,,YES,PRO_5
916,5409B,172,SUPPORT,,OLD NURSERY,11,5409,,,,UNKNOWN,PRO_5
917,5409C,172,SUPPORT,,OLD NURSERY,63,5409,,,,UNKNOWN,PRO_5
918,5409D,172,SUPPORT,,OLD NURSERY,67,5409,,,,UNKNOWN,PRO_5
920,5410,47,,SUSPENDED BED,,164,5410,,1,SUSPENDED 7/22/14,,PRO_5
921,5411A,47,,UNKNOWN 9/18/14,,40,5411,,,,,PRO_5
922,5411,47,STORAGE - SNF,,OLD NURSERY,494,5411,,,,,PRO_5
923,5412,47,STORAGE - ORTHO,SUSPENDED BED,,164,5412,,1,SUSPENDED 7/22/14,,PRO_5
924,5413,228,ELEC,,,59,5413,,,,,PRO_5
925,5414,47,SNF SUPPORT,SUSPENDED BED,,344,5414,,1,SUSPENDED 7/22/14,,PRO_5
926,5415,47,TUB / STORAGE,,,87,5415,,,,,PRO_5
927,5417,236,JANITOR,,,26,5417,,,,,PRO_5
928,5418/5420,47,SNF SUPPORT,SUSPENDED BED,,288,5418,,1,SUSPENDED 7/22/14,,PRO_5
929,5419,172,STORAGE,,,53,5419,,,,,PRO_5
930,5422,172,REHAB - SNF,SUSPENDED BED,,324,5422,,1,SUSPENDED 7/22/14,,PRO_5
931,5423,47,OFFICE,,,66,5423,,,,,PRO_5
932,5424,172,LOCKERS,,,76,5424,,,,,PRO_5
933,5430,172,C SECTION PREP,,,206,5430,,,,YES,PRO_5
934,5430A,172,1 BED (SURGERY),SUSPENDED BED,,322,5430,,1,SUSPENDED 7/22/14,UNKNOWN,PRO_5
936,5434,47,SNF CONFERENCE,SUSPENDED BED,,276,5434,,1,SUSPENDED 7/22/14,,PRO_5
937,5435,172,SOILED UTILITY,,,55,5435,,,,YES,PRO_5
938,5437,172,NURSE LOUNGE,,SPEECH PATH,87,5437,,,,,PRO_5
939,5438,47,SNF OCC THERAPY,SUSPENDED BED,,337,5438,,1,SUSPENDED 7/22/14,,PRO_5
940,5441,47,PANTRY,,,80,5441,,,,,PRO_5
941,5442,172,REHAB - SNF PT TRTMNT,SUSPENDED BED,,337,5442,,1,SUSPENDED 7/22/14,,PRO_5
942,5444,462,,SUSPENDED BED,SNF MANAGER,165,5444,,1,SUSPENDED 7/22/14,,PRO_5
943,5445,47,PANTRY,,,55,5445,,,,,PRO_5
944,5446,47,,SUSPENDED BED,SNF SECRETARY,164,5446,,1,SUSPENDED 7/22/14,,PRO_5
945,5447,436,OFFICE,,,60,5447,,,,,PRO_5
946,5448,436,1 BED (TENANT LICENSE),"TENANT LICENSE, USED AS OFFICE",,164,5448,,,TENANT LICENSE 7/22/14,,PRO_5
947,5449,436,LOCKERS,,,91,5449,,,,,PRO_5
948,5450,436,1 BED (TENANT LICENSE),"TENANT LICENSE, USED AS OFFICE",,164,5450,,,TENANT LICENSE 7/22/14,,PRO_5
949,5451,436,OFFICE,,,116,5451,,,,,PRO_5
950,5452,436,1 BED (TENANT LICENSE),TENANT LICENSE,,164,5452,,,TENANT LICENSE 7/22/14,,PRO_5
951,5453,436,OFFICE,,,121,5453,,,,,PRO_5
952,5454,436,1 BED (TENANT LICENSE),TENANT LICENSE,,164,5454,,,TENANT LICENSE 7/22/14,,PRO_5
953,5456,436,1 BED (TENANT LICENSE),TENANT LICENSE,,164,5456,,,TENANT LICENSE 7/22/14,,PRO_5
954,5458,436,1 BED (TENANT LICENSE),TENANT LICENSE,,164,5458,,,TENANT LICENSE 7/22/14,,PRO_5
955,5459,436,EXAM,,,78,5459,,,,,PRO_5
956,5460,436,1 BED (TENANT LICENSE),TENANT LICENSE,,164,5460,,,TENANT LICENSE 7/22/14,,PRO_5
957,5461,436,STORAGE,,,23,5461,,,,,PRO_5
958,5462,436,1 BED (TENANT LICENSE),TENANT LICENSE,,164,5462,,,TENANT LICENSE 7/22/14,,PRO_5
959,5463,228,ELEC,,,64,5463,,,,,PRO_5
960,5464,436,1 BED - ISOL (TENANT LICENSE),TENANT LICENSE; air YES per Diane 10/15/2014,,184,5464,,,TENANT LICENSE 7/22/14,YES,PRO_5
961,5465,436,ANTEROOM,,,49,5465,,,,UNKNOWN,PRO_5
962,5466/5468,436,1 BED (TENANT LICENSE),TENANT LICENSE,,281,5466,,,TENANT LICENSE 7/22/14,,PRO_5
963,5467,436,2 BEDS (TENANT LICENSE),TENANT LICENSE,,151,5467,,,TENANT LICENSE 7/22/14,,PRO_5
965,5470,436,1 BED (TENANT LICENSE),TENANT LICENSE,,162,5470,,,TENANT LICENSE 7/22/14,,PRO_5
966,5472,436,1 BED (TENANT LICENSE),TENANT LICENSE,,161,5472,,,TENANT LICENSE 7/22/14,,PRO_5
967,5473,436,1 BED (TENANT LICENSE),TENANT LICENSE,STORAGE,51,5473,,,TENANT LICENSE 7/22/14,,PRO_5
968,5474,436,1 BED (TENANT LICENSE),TENANT LICENSE,,161,5474,,,TENANT LICENSE 7/22/14,,PRO_5
969,5476,436,1 BED (TENANT LICENSE),TENANT LICENSE,,161,5476,,,TENANT LICENSE 7/22/14,,PRO_5
970,5477,436,STORAGE,,,50,5477,,,,,PRO_5
971,5478/5480,436,2 BEDS (TENANT LICENSE),TENANT LICENSE,,243,5478,,,TENANT LICENSE 7/22/14,,PRO_5
972,5479,436,1 BED (TENANT LICENSE),TENANT LICENSE,,150,5479,,,TENANT LICENSE 7/22/14,,PRO_5
973,5482,436,1 BED (TENANT LICENSE),TENANT LICENSE,,164,5482,,,TENANT LICENSE 7/22/14,,PRO_5
974,5484,436,1 BED (TENANT LICENSE),TENANT LICENSE,,164,5484,,,TENANT LICENSE 7/22/14,,PRO_5
975,5486,436,1 BED (TENANT LICENSE),TENANT LICENSE,,164,5486,,,TENANT LICENSE 7/22/14,,PRO_5
976,5487,436,1 BED (TENANT LICENSE),TENANT LICENSE,,84,5487,,,TENANT LICENSE 7/22/14,,PRO_5
977,5488/5490,436,2 BEDS (TENANT LICENSE),TENANT LICENSE,,329,5488,,,TENANT LICENSE 7/22/14,,PRO_5
979,5492,436,1 BED (TENANT LICENSE),TENANT LICENSE,,164,5492,,,TENANT LICENSE 7/22/14,,PRO_5
980,5493,239,DATA / TELE,,,19,5493,,,,,PRO_5
981,5494,436,1 BED (TENANT LICENSE),TENANT LICENSE,,164,5494,,,TENANT LICENSE 7/22/14,,PRO_5
982,5495,436,STORAGE,,,26,5495,,,,,PRO_5
988,5627,38,CORRIDOR,,,459,5627,,,,,PRO_5
992,5630,38,OFFICE,,,148,5630,,,,,PRO_5
993,5631,38,TOILET / CHANGING,,UNIT SPECIFIC,232,5631,,,,,PRO_5
994,5632,38,SLEEP ROOM 1,,,233,5632,,,,,PRO_5
995,5633,38,TECH WORK ROOM,,,233,5633,,,,NO,PRO_5
996,5634,38,SLEEP ROOM 2,,,245,5634,,,,,PRO_5
997,5635,38,OFFICE,,,134,5635,,,,,PRO_5
998,5636,38,OFFICE,,,282,5636,,,,,PRO_5
999,5637,38,TOILET,,UNIT SPECIFIC,67,5637,,,,,PRO_5
1000,5638,38,OFFICE,,,130,5638,,,,,PRO_5
1001,5639,38,OFFICE,,,208,5639,,,,,PRO_5
1002,5640,38,OFFICE,,,229,5640,,,,,PRO_5
1003,5641,38,OFFICE,,,236,5641,,,,,PRO_5
1004,5642,38,LOUNGE,,,179,5642,,,,,PRO_5
1005,5643,38,TOILET,,UNIT SPECIFIC,54,5643,,,,,PRO_5
1006,5644,38,ASSESSMENT,,,174,5644,,,,,PRO_5
1007,5646,38,OFFICE,,,95,5646,,,,NO,PRO_5
1008,5646A,38,STORAGE,,,24,5646,,,,,PRO_5
1009,FCM 5649A,357,TOILET - MENS,,COMMON,149,5209,,,,,PRO_5
1010,FCM 5649B,357,TOILET - WOMENS,,COMMON,219,5210,,,,,PRO_5
1011,5650,236,JANITOR,,,92,5650,,,,,PRO_5
1012,5651,38,2 BEDS (CHEM DEPEN LICENSE),CHEMICAL DEPENDENCY LICENSE / NO HEADWALLS,,177,5651,,,CHEM DEPEN LICENSE 7/22/14,,PRO_5
1013,5652,38,2 BEDS (CHEM DEPEN LICENSE),CHEMICAL DEPENDENCY LICENSE / NO HEADWALLS,,215,5652,,,CHEM DEPEN LICENSE 7/22/14,,PRO_5
1014,5653,38,TOILET / SHOWER,,UNIT SPECIFIC,64,5653,,,,,PRO_5
1015,5654,38,GROUP ROOM 4,,,202,5654,,,,,PRO_5
1016,5655,38,GROUP ROOM 3,,,195,5655,,,,,PRO_5
1017,5656,38,TOILET,,UNIT SPECIFIC,66,5656,,,,,PRO_5
1018,5657,38,TOILET,,,150,5657,,,,,PRO_5
1019,5658,38,OFFICE,,,279,5658,,,,,PRO_5
1020,5660,38,OFFICE,,,174,5660,,,,,PRO_5
1021,5661,38,INTERVIEW,,,56,5661,,,,,PRO_5
1022,5662,38,INTERVIEW,,,51,5662,,,,,PRO_5
1023,5663,38,GROUP ROOM,,,286,5663,,,,,PRO_5
1024,5665,38,GROUP ROOM,,,161,5665,,,,,PRO_5
1025,5666,38,GROUP ROOM - CLIENT CARE SPECIALIST,,,160,5666,,,,,PRO_5
1026,5667,38,MED RECORDS - CLIENT CARE SPEC,,,158,5667,,,,,PRO_5
1027,5668,38,COPY - CLIENT CARE SPECIALIST,,,156,5668,,,,,PRO_5
1028,5669,38,EXAM,,,163,5669,,,,,PRO_5
1029,5670,38,2 BEDS (CHEM DEPEN LICENSE),CHEMICAL DEPENDENCY LICENSE / NO HEADWALLS,,242,5670,,,CHEM DEPEN LICENSE 7/22/14,,PRO_5
1030,5672,38,2 BEDS (CHEM DEPEN LICENSE),CHEMICAL DEPENDENCY LICENSE / NO HEADWALLS,,130,5672,,,CHEM DEPEN LICENSE 7/22/14,,PRO_5
1031,5673,38,RECEPTION,,,133,5673,,,,,PRO_5
1032,5673A,228,SPRINKLER,,,12,5673,,,,,PRO_5
1033,5675,38,LAUNDRY,,,142,5675,,,,,PRO_5
1034,5676,38,DINING,,,366,5676,,,,,PRO_5
1035,5678,38,LOUNGE,,,152,5678,,,,,PRO_5
1036,5679,38,3 BEDS (CHEM DEPEN LICENSE),CHEMICAL DEPENDENCY LICENSE / NO HEADWALLS,,288,5679,,,CHEM DEPEN LICENSE 7/22/14,,PRO_5
1037,5680,38,,UNKNOWN 9/18/14,,104,5680,,,,,PRO_5
1038,5680A,38,TOILET,,UNIT SPECIFIC,30,5680,,,,,PRO_5
1039,5681,38,2 BEDS (CHEM DEPEN LICENSE),CHEMICAL DEPENDENCY LICENSE / NO HEADWALLS,,210,5681,,,CHEM DEPEN LICENSE 7/22/14,,PRO_5
1040,5682,38,2 BEDS (CHEM DEPEN LICENSE),CHEMICAL DEPENDENCY LICENSE / NO HEADWALLS,,154,5682,,,CHEM DEPEN LICENSE 7/22/14,,PRO_5
1041,5683,38,2 BEDS (CHEM DEPEN LICENSE),CHEMICAL DEPENDENCY LICENSE / NO HEADWALLS,,292,5683,,,CHEM DEPEN LICENSE 7/22/14,,PRO_5
1042,5685,38,TOILET,,UNIT SPECIFIC,71,5685,,,,,PRO_5
1043,5686,38,SHOWER,,,68,5686,,,,,PRO_5
1044,5687,38,2 BEDS (CHEM DEPEN LICENSE),CHEMICAL DEPENDENCY LICENSE / NO HEADWALLS,,286,5687,,,CHEM DEPEN LICENSE 7/22/14,,PRO_5
1045,5688,38,2 BEDS (CHEM DEPEN LICENSE),CHEMICAL DEPENDENCY LICENSE / NO HEADWALLS,,154,5688,,,CHEM DEPEN LICENSE 7/22/14,,PRO_5
1046,5690,38,EXAM,,,126,5690,,,,,PRO_5
1047,5691,38,TOILET,,UNIT SPECIFIC,62,5691,,,,,PRO_5
1048,5693,38,2 BEDS (CHEM DEPEN LICENSE),CHEMICAL DEPENDENCY LICENSE / NO HEADWALLS,,225,5693,,,CHEM DEPEN LICENSE 7/22/14,,PRO_5
1049,5693A,38,TOILET,,UNIT SPECIFIC,63,5693,,,,,PRO_5
1050,5694,38,MEDICATION,,,93,5694,,,,,PRO_5
1051,5695,38,NURSE MANAGER,,,111,5695,,,,,PRO_5
1052,5696,38,NURSE STATION,,,226,5696,,,,,PRO_5
1053,5697,38,LINEN,,,42,5697,,,,,PRO_5
1055,5696A,228,MECH,,,27,5696,,,,,PRO_5
1056,5699,38,INTERVIEW,,,77,5699,,,,,PRO_5
1057,6625,3,TOILET,,UNIT SPECIFIC,46,6625,,,,,PRO_6
1058,6626,3,TOILET,,UNIT SPECIFIC,51,6626,,,,,PRO_6
1059,6627,3,OFFICE,,,231,6627,,,,,PRO_6
1060,6628,3,MACHINE ROOM,,,530,6628,,,,,PRO_6
1061,6629,3,LOUNGE,,,323,6629,,,,,PRO_6
1062,6630,3,OFFICE,,,119,6630,,,,,PRO_6
1063,6631,3,OFFICE,,,154,6631,,,,,PRO_6
1064,6632,3,OFFICE,,,199,6632,,,,,PRO_6
1065,6633,3,STORAGE,,,1285,6633,,,,,PRO_6
1066,6634,3,OFFICE,,,79,6634,,,,,PRO_6
1067,6634A,3,OFFICE,,,34,6634,,,,,PRO_6
1068,6635,3,OFFICE,,,242,6635,,,,,PRO_6
1069,6636,3,OFFICE,,,233,6636,,,,,PRO_6
1070,6637,236,JANITOR,,,110,6637,,,,,PRO_6
1071,6638,3,TOILET - STAFF,,UNIT SPECIFIC,32,6638,,,,,PRO_6
1072,6639,3,TOILET - STAFF,,UNIT SPECIFIC,78,6639,,,,,PRO_6
1073,6650,447,OFFICE,,,215,6650,,,,,PRO_6
1074,6651,3,MACHINE ROOM,,,172,6651,,,,,PRO_6
1075,6652,3,BICARB ROOM,,,137,6652,,,,,PRO_6
1076,6653,3,PATIENT CARE,,,119,6653,,,,NO,PRO_6
1077,6654,3,TREATMENT,,,3823,6654,,,,,PRO_6
1078,6655,3,OFFICE,,,140,6655,,,,,PRO_6
1079,6656,3,PATIENT CARE,,,119,6656,,,,NO,PRO_6
1080,6657,3,OFFICE,,,135,6657,,,,,PRO_6
1081,6658,228,SPRINKLER,,,75,6658,,,,,PRO_6
1082,6659,228,SPRINKLER,,,12,6659,,,,,PRO_6
1083,6675,239,DATA / SECURITY / STORAGE - MPI,,,30,6675,,,,,PRO_6
1092,6684,38,EXERCISE - MPI,,,1210,6684,,,,,PRO_6
1093,6685,38,PATIO - MPI,,,841,6685,,,,,PRO_6
1102,7710,3,LINEN,,,5,7710,,,,,PRO_7
1103,FCM 7725,357,TOILET,,COMMON,32,7202,,,,,PRO_7
1104,7726B,505,STORAGE,,,250,7726,,,,,PRO_7
1105,7727,3,STORAGE,,,13,7727,,,,,PRO_7
1106,7728,505,OFFICE,,,137,7728,,,,,PRO_7
1107,7729,3,STORAGE,,,6,7729,,,,,PRO_7
1108,7750,505,SLEEP ROOM,,,183,7750,,,,,PRO_7
1109,7751,581,OFFICE,,,165,7751,,,,,PRO_7
1110,7752,581,OFFICE,,,193,7752,,,,,PRO_7
1111,7753,563,CASE MGMT,,,154,7753,,,,,PRO_7
1112,7754,297,SLEEP ROOM,,,114,7754,,,,,PRO_7
1113,7755,297,TOILET,,UNIT SPECIFIC,42,7755,,,,,PRO_7
1114,7775,3,LAUNDRY,,,157,7775,,,,,PRO_7
1115,7776,3,STORAGE,,,8,7776,,,,,PRO_7
1116,7777,3,STORAGE,,,7,7777,,,,,PRO_7
1117,FCM 7-01,357,CORRIDOR,,,378,7201,,,,,PRO_7
1118,NRT 7-01,2,NRT,,,125,7301,,,,,PRO_7
1119,NRT 7-02,2,NRT,,,142,7302,,,,,PRO_7
1120,NRT 7-03,2,NRT,,,224,7303,,,,,PRO_7
1121,7728A,505,STORAGE,,,12,7728,,,,,PRO_7
1122,FCM 6-01,357,CORRIDOR,,,988,6201,,,,,PRO_6
1123,NRT 6-01,2,NRT,,,153,6301,,,,,PRO_6
1124,NRT 6-02,2,NRT,,,144,6302,,,,,PRO_6
1125,NRT 6-03,2,NRT,,,136,6303,,,,,PRO_6
1126,NRT 6-04,2,NRT,,,104,6304,,,,,PRO_6
1127,NRT 6-05,2,NRT,,,66,6305,,,,,PRO_6
1128,NRT 6-06,2,NRT,,,206,6306,,,,,PRO_6
1129,FCM 5-01,357,CORRIDOR,,,525,5201,,,,,PRO_5
1130,NRT 5-01,2,NRT,,,321,5301,,,,,PRO_5
1131,NRT 5-02,2,NRT,,,219,5302,,,,,PRO_5
1132,NRT 5-03,2,NRT,,,158,5303,,,,,PRO_5
1133,NRT 5-04,2,NRT,,,304,5304,,,,,PRO_5
1134,NRT 5-05,2,NRT,,,144,5305,,,,,PRO_5
1135,NRT 5-06,2,NRT,,,68,5306,,,,,PRO_5
1136,NRT 5-07,2,NRT,,,136,5307,,,,,PRO_5
1137,NRT 5-08,2,NRT,,,146,5308,,,,,PRO_5
1138,NRT 5-09,2,NRT,,,113,5309,,,,,PRO_5
1139,NRT 5-10,2,NRT,,,192,5310,,,,,PRO_5
1141,FCM 4-01,357,CORRIDOR,,,1812,4201,,,,,PRO_4
1142,NRT 4-01,2,NRT,,,314,4301,,,,,PRO_4
1143,NRT 4-02,2,NRT,,,319,4302,,,,,PRO_4
1144,NRT 4-03,2,NRT,,,132,4303,,,,,PRO_4
1145,NRT 4-04,2,NRT,,,333,4304,,,,,PRO_4
1146,NRT 4-05,2,NRT,,,144,4305,,,,,PRO_4
1147,NRT 4-06,2,NRT,,,72,4306,,,,,PRO_4
1148,NRT 4-07,2,NRT,,,144,4307,,,,,PRO_4
1149,NRT 4-08,2,NRT,,,133,4308,,,,,PRO_4
1150,NRT 4-09,2,NRT,,,144,4309,,,,,PRO_4
1151,NRT 4-10,2,NRT,,,32,4310,,,,,PRO_4
1152,NRT 4-11,2,NRT,,,219,4311,,,,,PRO_4
1153,FCM 3-01,357,CORRIDOR,,,926,3201,,,,,PRO_3
1154,NRT 3-14,2,NRT,,,36,3314,,,,,PRO_3
1155,NRT 3-01,2,NRT,,,314,3301,,,,,PRO_3
1156,NRT 3-02,2,NRT,,,316,3302,,,,,PRO_3
1157,NRT 3-03,2,NRT,,,132,3303,,,,,PRO_3
1158,NRT 3-04,2,NRT,,,331,3304,,,,,PRO_3
1159,NRT 3-13,2,NRT,,,53,3313,,,,,PRO_3
1160,NRT 3-05,2,NRT,,,136,3305,,,,,PRO_3
1161,NRT 3-10,2,NRT,,,21,3310,,,,,PRO_3
1162,NRT 3-06,2,NRT,,,68,3306,,,,,PRO_3
1163,NRT 3-07,2,NRT,,,133,3307,,,,,PRO_3
1164,NRT 3-08,2,NRT,,,81,3308,,,,,PRO_3
1165,NRT 3-09,2,NRT,,,113,3309,,,,,PRO_3
1166,NRT 3-11,2,NRT,,,234,3311,,,,,PRO_3
1167,FCM 2-01,357,CORRIDOR,,,865,2201,,,,,PRO_2
1168,NRT 2-16,2,NRT,,,199,2316,,,,,PRO_2
1169,NRT 2-01,2,NRT,,,346,2301,,,,,PRO_2
1170,NRT 2-21,2,NRT,,,7,2321,,,,,PRO_2
1171,NRT 2-15,2,NRT,,,123,2315,,,,,PRO_2
1172,NRT 2-02,2,NRT,,,316,2302,,,,,PRO_2
1173,NRT 2-22,2,NRT,,,14,2322,,,,,PRO_2
1174,NRT 2-14,2,NRT,,,280,2314,,,,,PRO_2
1175,NRT 2-03,2,NRT,,,119,2303,,,,,PRO_2
1176,NRT 2-24,2,NRT,,,16,2324,,,,,PRO_2
1177,NRT 2-04,2,NRT,,,385,2304,,,,,PRO_2
1178,NRT 2-17,2,NRT,,,280,2317,,,,,PRO_2
1179,NRT 2-12,2,NRT,,,49,2312,,,,,PRO_2
1180,NRT 2-13,2,NRT,,,69,2313,,,,,PRO_2
1181,NRT 2-05,2,NRT,,,144,2305,,,,,PRO_2
1182,NRT 2-10,2,NRT,,,19,2310,,,,,PRO_2
1183,NRT 2-06,2,NRT,,,60,2306,,,,,PRO_2
1184,NRT 2-07,2,NRT,,,142,2307,,,,,PRO_2
1185,NRT 2-08,2,NRT,,,95,2308,,,,,PRO_2
1186,NRT 2-09,2,NRT,,,151,2309,,,,,PRO_2
1187,NRT 2-11,2,NRT,,,225,2311,,,,,PRO_2
1188,FCM G-01,357,CORRIDOR,,,995,1201,,,,,PRO_GL
1191,NRT G-15,2,NRT,,,95,1315,,,,,PRO_GL
1193,NRT G-14,2,NRT,,,271,1314,,,,,PRO_GL
1194,NRT G-03,2,NRT,,,98,1303,,,,,PRO_GL
1195,NRT G-17,2,NRT,,,236,1317,,,,,PRO_GL
1196,NRT G-24,2,NRT,,,15,1324,,,,,PRO_GL
1197,NRT G-04,2,NRT,,,84,1304,,,,,PRO_GL
1198,NRT G-12,2,NRT,,,123,1312,,,,,PRO_GL
1200,NRT G-13,2,NRT,,,70,1313,,,,,PRO_GL
1201,NRT G-05,2,NRT,,,265,1305,,,,,PRO_GL
1202,NRT G-06,2,NRT,,,77,1306,,,,,PRO_GL
1203,NRT G-07,2,NRT,,,65,1307,,,,,PRO_GL
1204,NRT G-08,2,NRT,,,127,1308,,,,,PRO_GL
1206,NRT G-11,2,NRT,,,214,1311,,,,,PRO_GL
1207,FCM L-01,357,CORRIDOR,,,1935,201,,,,,PRO_LL
1208,NRT L-01,2,NRT,,,130,301,,,,,PRO_LL
1209,NRT L-02,2,NRT,,,314,302,,,,,PRO_LL
1210,NRT L-05,2,NRT,,,102,305,,,,,PRO_LL
1211,NRT L-03,2,NRT,,,221,303,,,,,PRO_LL
1212,NRT L-04,2,NRT,,,119,304,,,,,PRO_LL
1213,NRT L-06,2,NRT,,,139,306,,,,,PRO_LL
1214,L601A,228,STORAGE,,,66,601,,,,,PRO_LL
1215,NRT L-07,2,NRT,,,91,307,,,,,PRO_LL
1216,NRT L-09,2,NRT,,,72,309,,,,,PRO_LL
1217,NRT L-10,2,NRT,,,170,310,,,,,PRO_LL
1218,NRT L-16,2,NRT,,,74,316,,,,,PRO_LL
1219,NRT L-17,2,NRT,,,144,317,,,,,PRO_LL
1220,NRT L-15,2,NRT,,,116,315,,,,,PRO_LL
1221,NRT L-14,2,NRT,,,144,314,,,,,PRO_LL
1222,NRT L-12,2,NRT,,,209,312,,,,,PRO_LL
1223,BCM 2-02,357,ROOF GARDEN,,,3748,2102,,,,,PRO_2
1224,BCM 2-01,357,ROOF GARDEN,,,5179,2101,,,,,PRO_2
1225,G596,228,ELEC,,,42,1596,,,,,PRO_GL
1226,2602,239,DATA,,,18,2602,,,,,PRO_2
1227,2669,445,DATA / TELE,,,10,2669,,,,,PRO_2
1228,NRT 2-23,2,NRT,,,22,2323,,,,,PRO_2
1229,2539,96,TELE BOOTH,,NO TELEPHONE,14,2539,,,,,PRO_2
1232,5692A,38,SHOWER,,,28,5692,,,,,PRO_5
1233,5692B,38,SHOWER,,,25,5692,,,,,PRO_5
1234,5692C,38,STORAGE,,,4,5692,,,,,PRO_5
1236,8001,228,MECH,,,154,8001,,,,,PRO_8
1237,NRT 7-04,2,NRT,,,122,7305,,,,,PRO_7
1238,7001,228,MECH,,,461,7701,,,,,PRO_7
1239,7002,228,MECH,,,815,7702,,,,,PRO_7
1240,7003,228,MECH,,,479,7703,,,,,PRO_7
1241,3400A,447,CORRIDOR,,,2570,3400,,,,,PRO_3
1242,FCM 4-04,3,CORRIDOR,,,3538,4204,,,,,PRO_4
1243,FCM 5-03,357,CORRIDOR,,,2457,5203,,,,,PRO_5
1244,505-06,451,GYM,,,457,60506,,,,,ProMOB_5
1245,505-05,451,WORK ROOM,,,197,60505,,,,,ProMOB_5
1246,505-01,451,RECEPTION,,,59,60501,,,,,ProMOB_5
1247,505-02,451,EVALUATION ROOM,,,116,60502,,,,,ProMOB_5
1248,505-04,451,OFFICE,,,190,60504,,,,,ProMOB_5
1249,505-03,451,STORAGE,,,39,60503,,,,,ProMOB_5
1250,511-08,3,WAITING / CORRIDOR,SEE ROOM 525-13,,141,61508,,,,,ProMOB_5
1251,511-07,3,CORRIDOR,,,194,61107,,,,,ProMOB_5
1252,511-01,3,RECEPTION,,,337,61101,,,,,ProMOB_5
1253,511-06,3,EXAM,,,85,61106,,,,,ProMOB_5
1254,511-03,3,OFFICE - MD,,,160,61103,,,,,ProMOB_5
1255,511-04,3,OFFICE - MD,,,177,61104,,,,,ProMOB_5
1256,511-05,3,OFFICE - MD,,,226,61105,,,,,ProMOB_5
1257,525-13,3,WAITING / CORRIDOR,SEE ROOM 511-08,,416,62513,,,,,ProMOB_5
1259,525-01,3,ADMIN,,,233,62501,,,,,ProMOB_5
1260,525-12,3,MEDICATION,,,65,62512,,,,,ProMOB_5
1261,525-11,3,TOILET,,,43,62511,,,,,ProMOB_5
1262,525-08,3,BREAK AREA,,,36,62508,,,,,ProMOB_5
1263,525-02,3,EXAM 1,,,90,62502,,,,,ProMOB_5
1264,525-03,3,EXAM 2,,,90,62503,,,,,ProMOB_5
1265,525-10,3,EXAM 3,,,90,62510,,,,,ProMOB_5
1266,525-09,3,EXAM 4,,,74,62509,,,,,ProMOB_5
1267,525-04,3,OFFICE - MD,,,141,62504,,,,,ProMOB_5
1268,525-05,3,TREATMENT 1,,,136,62505,,,,,ProMOB_5
1269,525-06,3,TREATMENT 2,,,119,62506,,,,,ProMOB_5
1270,525-07,3,STORAGE,,,20,62507,,,,,ProMOB_5
1271,530-01,636,WAITING / RECEPT,,,333,63001,,,,,ProMOB_5
1272,530-11,636,PHARMACY,,,85,63011,,,,,ProMOB_5
1273,530-12,636,ADMIN,,,170,63012,,,,,ProMOB_5
1274,530-02,636,TOILET,,,44,63002,,,,,ProMOB_5
1275,530-04,636,X-RAY,,,143,63004,,,,,ProMOB_5
1276,530-05,636,STORAGE - X-RAY,,,29,63005,,,,,ProMOB_5
1278,530-06,636,FILE ROOM,,,66,63006,,,,,ProMOB_5
1279,530-07,636,NURSE OFFICE,,,133,63007,,,,,ProMOB_5
1280,530-08,636,OFFICE - MD,,,151,63008,,,,,ProMOB_5
1281,530-10,636,EXAM,,,90,63010,,,,,ProMOB_5
1282,530-09,636,EXAM,,,90,63009,,,,,ProMOB_5
1283,530-13,636,CORRIDOR,,,144,63013,,,,,ProMOB_5
1284,520-01,3,WAITING,,,209,62001,,,,,ProMOB_5
1285,520-14,3,RECEPTION,,,279,62014,,,,,ProMOB_5
1286,520-13,3,ADMIN,,,129,62013,,,,,ProMOB_5
1287,520-15,3,CORRIDOR,,,373,62015,,,,,ProMOB_5
1288,520-12,3,NURSE STATION,,,98,62012,,,,,ProMOB_5
1289,520-11,3,OFFICE 1,,,103,62011,,,,,ProMOB_5
1290,520-09,3,OFFICE 2,,,119,62009,,,,,ProMOB_5
1291,520-10,3,OFFICE 3,,,119,62010,,,,,ProMOB_5
1292,520-04,3,OFFICE 4,,,191,62004,,,,,ProMOB_5
1293,520-08,3,OFFICE 5,,,191,62008,,,,,ProMOB_5
1294,520-05,3,STORAGE,,,123,62005,,,,,ProMOB_5
1295,520-03,3,EXAM 1,,,95,62003,,,,,ProMOB_5
1296,520-02,3,EXAM 2,,,80,62002,,,,,ProMOB_5
1297,520-07,3,EXAM 3,,,91,62007,,,,,ProMOB_5
1298,520-06,3,EXAM 4,,,72,62006,,,,,ProMOB_5
1299,540-01,424,WAITING,,,182,64001,,,,,ProMOB_5
1300,540-12,424,CORRIDOR,,,348,64012,,,,,ProMOB_5
1301,540-02,424,RECEPTION,,,104,64002,,,,,ProMOB_5
1302,540-10,424,TOILET 1,,,47,64010,,,,,ProMOB_5
1303,540-09,424,TOILET 2,,,49,64009,,,,,ProMOB_5
1304,540-03,424,OFFICE 1,,,119,64003,,,,,ProMOB_5
1305,540-04,424,OFFICE 2,,,119,64004,,,,,ProMOB_5
1306,540-11,424,EXAM 1,,,83,64011,,,,,ProMOB_5
1307,540-06,424,FILE ROOM,,,66,64006,,,,,ProMOB_5
1308,540-07,424,EXAM 3,,,133,64007,,,,,ProMOB_5
1309,540-08,424,EXAM 4,,,107,64008,,,,,ProMOB_5
1310,540-05,424,LOUNGE,,,255,64005,,,,,ProMOB_5
1311,555-01,3,STORAGE,was FILE ROOM,,113,65501,,,,,ProMOB_5
1312,501-01,3,STORAGE,,,293,60101,,,,,ProMOB_5
1313,NRT 5-01,2,STAIR 1,,,249,60001,,,,,ProMOB_5
1314,NRT 5-02,2,STAIR 2,,,253,60002,,,,,ProMOB_5
1315,NRT 5-03,2,STAIR 3,,,230,60003,,,,,ProMOB_5
1316,FCM 5-01,357,CORRIDOR,,,2176,60011,,,,,ProMOB_5
1317,FCM 5-07,236,JANITOR,,,25,60017,,,,,ProMOB_5
1318,FCM 5-02,357,TOILET,,,93,60012,,,,,ProMOB_5
1320,550-12,358,CORRIDOR,,,227,65012,,,,,ProMOB_5
1321,550-11,358,RECEPTION,,,153,65011,,,,,ProMOB_5
1322,550-10,358,OFFICE 1,,,257,65010,,,,,ProMOB_5
1323,550-02,358,OFFICE 2,,,33,65002,,,,,ProMOB_5
1324,550-03,358,STORAGE,,,12,65003,,,,,ProMOB_5
1325,550-07,358,OFFICE 3,,,204,65007,,,,,ProMOB_5
1326,550-09,358,EXAM 1,,,164,65009,,,,,ProMOB_5
1327,550-08,358,EXAM 2,,,205,65008,,,,,ProMOB_5
1328,550-06,358,STORAGE,,,15,65006,,,,,ProMOB_5
1329,550-05,358,TOILET,,,56,65005,,,,,ProMOB_5
1330,550-04,358,UTILITY,,,69,65004,,,,UNKNOWN,ProMOB_5
1331,NRT 5-04,2,ELEV SHAFT,,,251,60004,,,,,ProMOB_5
1332,NRT 5-05,2,SHAFT,,,83,60005,,,,,ProMOB_5
1333,401-01,3,STORAGE,,,270,50021,,,,,ProMOB_4
1353,411-02,453,RECEPTION,,,102,51102,,,,,ProMOB_4
1357,411-10,453,EXAM 1,,,113,51110,,,,,ProMOB_4
1359,411-16,453,CORRIDOR,,,484,51116,,,,,ProMOB_4
1360,411-11,453,BREAK ROOM,,,161,51111,,,,,ProMOB_4
1361,411-06,453,OFFICE - MD,,,134,51106,,,,,ProMOB_4
1362,411-07,453,TREAD,,,192,51107,,,,,ProMOB_4
1363,411-08,453,OFFICE - MD,,,137,51108,,,,,ProMOB_4
1364,411-09,453,TOILET,,,91,51109,,,,,ProMOB_4
1365,411-12,453,TRANSCRIPTION,,,97,51112,,,,,ProMOB_4
1366,411-15,453,NURSE OFFICE,,,135,51115,,,,,ProMOB_4
1367,411-14,453,STORAGE,,,24,51114,,,,,ProMOB_4
1368,411-13,453,OFFICE - RESEARCH,,,92,51113,,,,,ProMOB_4
1369,430-01,427,WAITING,,,135,53001,,,,,ProMOB_4
1370,430-06,427,RECEPTION,,,184,53006,,,,,ProMOB_4
1371,430-05,427,EXAM 1,,,142,53005,,,,,ProMOB_4
1372,430-04,427,EXAM 2,,,97,53004,,,,,ProMOB_4
1373,430-02,427,BREAK ROOM,,,101,53002,,,,,ProMOB_4
1374,430-03,427,CONSULT,,,181,53003,,,,,ProMOB_4
1375,430-07,427,TOILET,,,61,53007,,,,,ProMOB_4
1376,428-01,427,FILE ROOM,,,150,52801,,,,,ProMOB_4
1377,428-02,427,STORAGE,,,73,52802,,,,,ProMOB_4
1378,428-03,427,OFFICE,,,237,52803,,,,,ProMOB_4
1379,424-01,425,WAITING,,,219,52401,,,,,ProMOB_4
1380,424-08,425,RECEPTION,,,286,52408,,,,,ProMOB_4
1381,424-07,425,EXAM 1,,,129,52407,,,,,ProMOB_4
1382,424-06,425,EXAM 2,,,109,52406,,,,,ProMOB_4
1383,424-05,425,EXAM 3,,,95,52405,,,,,ProMOB_4
1384,424-04,425,OFFICE,,,73,52404,,,,,ProMOB_4
1385,424-03,425,BREAK AREA,,,82,52403,,,,,ProMOB_4
1386,424-09,425,CORRIDOR,,,195,52409,,,,,ProMOB_4
1406,305-01,635,CORRIDOR,,,158,40501,,,,,ProMOB_3
1407,305-02,635,TOILET,,,48,40502,,,,,ProMOB_3
1408,305-03,635,STORAGE,,,41,40503,,,,,ProMOB_3
1409,305-04,635,EXAM 1,,,93,40504,,,,,ProMOB_3
1410,305-07,635,EXAM 2,,,100,40507,,,,,ProMOB_3
1411,305-08,635,OFFICE 1,,,129,40508,,,,,ProMOB_3
1412,305-09,635,OFFICE 2,,,123,40509,,,,,ProMOB_3
1413,305-10,635,OFFICE 3,,,155,40510,,,,,ProMOB_3
1414,305-05,635,CLEAN,,,32,40505,,,,UNKNOWN,ProMOB_3
1415,305-06,635,TOILET,,,35,40506,,,,,ProMOB_3
1416,305-11,635,RECEPTION,,,131,40511,,,,,ProMOB_3
1417,308-01A,635,WAITING,,,213,40801,,,,,ProMOB_3
1418,301-01,635,STORAGE,,,424,40101,,,,,ProMOB_3
1419,311-22,635,EXAM 1,,,101,41122,,,,,ProMOB_3
1420,311-20,635,EXAM 2,,,78,41120,,,,,ProMOB_3
1421,311-19,635,EXAM 3,,,85,41119,,,,,ProMOB_3
1422,311-18,635,EXAM 4,,,107,41118,,,,,ProMOB_3
1423,311-04,635,EXAM 5,,,77,41104,,,,,ProMOB_3
1424,311-06,635,EXAM 6,,,87,41106,,,,,ProMOB_3
1425,311-07,635,EXAM 7,,,89,41107,,,,,ProMOB_3
1426,311-09,635,EXAM 8,,,93,41109,,,,,ProMOB_3
1427,311-11,635,EXAM 9,,,97,41111,,,,,ProMOB_3
1428,311-12,635,EXAM 10,,,104,41112,,,,,ProMOB_3
1429,311-21,635,OFFICE / EXAM 1,,,164,41121,,,,,ProMOB_3
1430,311-10,635,OFFICE 2,,,170,41110,,,,,ProMOB_3
1431,311-08,635,OFFICE 3,,,155,41108,,,,,ProMOB_3
1432,311-05,635,OFFICE 4,,,119,41105,,,,,ProMOB_3
1433,311-03,635,OFFICE 5,,,133,41103,,,,,ProMOB_3
1434,311-02,635,OFFICE 6,,,138,41102,,,,,ProMOB_3
1435,311-01,635,VESTIBULE,,,839,41101,,,,,ProMOB_3
1436,311-24,635,RECEPTION,,,222,41124,,,,,ProMOB_3
1437,311-23,635,FILE ROOM,,,110,41123,,,,,ProMOB_3
1438,311-16,635,X-RAY,,,73,41116,,,,,ProMOB_3
1439,311-15,635,X-RAY PREP,,,92,41115,,,,,ProMOB_3
1440,311-14,635,TOILET,,,27,41114,,,,,ProMOB_3
1441,311-13,635,BREAK AREA,,,269,41113,,,,,ProMOB_3
1442,311-17,635,TOILET,,,49,41117,,,,,ProMOB_3
1443,320-01,635,WAITING,,,380,42001,,,,,ProMOB_3
1444,320-39,635,CORRIDOR,,,965,42039,,,,,ProMOB_3
1445,320-03,635,FILE ROOM,,,92,42003,,,,,ProMOB_3
1446,320-04,635,TOILET,,,59,42004,,,,,ProMOB_3
1447,320-07,635,NURSE STATION 1,,,123,42007,,,,,ProMOB_3
1448,320-38,635,NURSE STATION 2,,,98,42038,,,,,ProMOB_3
1449,320-27,635,NURSE STATION 3,,,162,42027,,,,,ProMOB_3
1450,320-29,635,BREAK ROOM,,,100,42029,,,,,ProMOB_3
1451,320-34,635,TOILET,,,38,42034,,,,,ProMOB_3
1452,320-33,635,FILE ROOM,,,249,42033,,,,,ProMOB_3
1453,320-35,635,BILLING,,,292,42035,,,,,ProMOB_3
1454,320-09,635,EXAM 1,,,92,42009,,,,,ProMOB_3
1455,320-11,635,EXAM 2,,,109,42011,,,,,ProMOB_3
1456,320-08,635,EXAM 3,,,99,42008,,,,,ProMOB_3
1457,320-12,635,EXAM 4,,,109,42012,,,,,ProMOB_3
1458,320-06,635,EXAM 5,,,109,42006,,,,,ProMOB_3
1459,320-15,635,EXAM 6,,,103,42015,,,,,ProMOB_3
1460,320-05,635,EXAM 7,,,94,42005,,,,,ProMOB_3
1461,320-16,635,EXAM 8,,,103,42016,,,,,ProMOB_3
1462,320-37,635,EXAM 9,,,109,42037,,,,,ProMOB_3
1463,320-18,635,EXAM 10,,,103,42018,,,,,ProMOB_3
1464,320-36,635,EXAM 11,,,93,42036,,,,,ProMOB_3
1465,320-19,635,EXAM 12,,,101,42019,,,,,ProMOB_3
1466,320-30,635,EXAM 19,,,89,42030,,,,,ProMOB_3
1467,320-21,635,EXAM 14,,,99,42021,,,,,ProMOB_3
1468,320-23,635,EXAM 15,,,95,42023,,,,,ProMOB_3
1469,320-24,635,EXAM 16,,,100,42024,,,,,ProMOB_3
1470,320-31,635,EXAM 17,,,97,42031,,,,,ProMOB_3
1471,320-28,635,EXAM 18,,,105,42028,,,,,ProMOB_3
1472,320-17,635,OFFICE,,,117,42017,,,,,ProMOB_3
1473,320-10,635,CONSULT 1,,,117,42010,,,,,ProMOB_3
1474,320-13,635,CONSULT 2,,,128,42013,,,,,ProMOB_3
1475,320-14,635,CONSULT 3,,,128,42014,,,,,ProMOB_3
1476,320-20,635,CONSULT 4,,,125,42020,,,,,ProMOB_3
1477,320-22,635,CONSULT 5,,,125,42022,,,,,ProMOB_3
1478,320-25,635,CONSULT 6,,,109,42025,,,,,ProMOB_3
1479,320-26,635,CONSULT 7,,,106,42026,,,,,ProMOB_3
1480,320-32,635,TOILET,,,79,42032,,,,,ProMOB_3
1481,320-02,635,RECEPTION,,,156,42002,,,,,ProMOB_3
1482,315-01,635,CORRIDOR,,,270,41501,,,,,ProMOB_3
1483,315-02,3,OFFICE,,,93,41502,,,,,ProMOB_3
1484,315-03,635,OFFICE,,,87,41503,,,,,ProMOB_3
1485,315-04,635,OFFICE,,,105,41504,,,,,ProMOB_3
1486,315-05,635,OFFICE,,,194,41505,,,,,ProMOB_3
1487,315-06,3,OFFICE,,,130,41506,,,,,ProMOB_3
1488,315-07,635,OFFICE,,,88,41507,,,,,ProMOB_3
1489,315-08,3,STORAGE,,,312,41508,,,,,ProMOB_3
1490,201-01,416,WAITING,,,300,30101,,,,,ProMOB_2
1491,208-08,634,RECEPTION / OFFICE,,,241,30808,,,,,ProMOB_2
1492,208-07,634,OFFICE - MD,,,108,30807,,,,,ProMOB_2
1493,208-06,634,CONSULT,,,110,30806,,,,,ProMOB_2
1494,210-06,634,OFFICE,,,139,31006,,,,,ProMOB_2
1495,210-05,634,OFFICE,,,156,31005,,,,,ProMOB_2
1496,210-04,634,OFFICE,,,468,31004,,,,,ProMOB_2
1497,210-03,634,TOILET,,,53,31003,,,,,ProMOB_2
1498,210-02,634,BREAK ROOM,,,250,31002,,,,,ProMOB_2
1499,208-04,634,EXAM 1,,,127,30804,,,,,ProMOB_2
1500,208-03,634,EXAM 2,,,127,30803,,,,,ProMOB_2
1501,208-02,634,LAB,,,118,30802,,,,YES,ProMOB_2
1502,208-01,634,OPEN AREA,,,316,30801,,,,,ProMOB_2
1503,208-05,634,TOILET,,,65,30805,,,,,ProMOB_2
1504,210-01,634,OPEN AREA,,,245,31001,,,,,ProMOB_2
1505,230-06,3,OFFICE 3,,,109,33006,,,,,ProMOB_2
1506,300B,453,JANITOR,,,41,20300,,,,,ProMOB_1
1507,230-08,3,OFFICE 1,,,178,33008,,,,,ProMOB_2
1508,230-07,3,EXAM 2,,,137,33007,,,,,ProMOB_2
1509,230-09,3,EXAM 1,,,111,33009,,,,,ProMOB_2
1510,230-10,3,RECEPTION,,,107,33010,,,,,ProMOB_2
1511,230-11,3,TOILET,,,54,33011,,,,,ProMOB_2
1512,230-01,3,WAITING,,,152,33001,,,,,ProMOB_2
1513,205-32,84,STORAGE,,,74,30532,,,,,ProMOB_2
1514,205-29,84,STORAGE,,,24,30529,,,,,ProMOB_2
1515,205-28,84,LAB,,,81,30528,,,,YES,ProMOB_2
1516,205-26,84,TOILET,,,57,30526,,,,,ProMOB_2
1517,103B,453,EXAM,,,105,20103,,,,,ProMOB_1
1518,205-27,84,TOILET,,,72,30527,,,,,ProMOB_2
1519,230-12,3,CORRIDOR,,,318,33012,,,,,ProMOB_2
1520,100,453,NURSE STATION,,,229,20100,,,,,ProMOB_1
1521,101,453,OFFICE,,,167,20101,,,,,ProMOB_1
1522,106,453,TOILET,,,62,20106,,,,,ProMOB_1
1523,105,453,TOILET,,,84,20105,,,,,ProMOB_1
1524,104,453,EXAM,,,154,20104,,,,,ProMOB_1
1525,102,453,OFFICE,,,141,20102,,,,,ProMOB_1
1526,103,453,OFFICE,,,140,20103,,,,,ProMOB_1
1527,101A,453,EXAM,,,101,20101,,,,,ProMOB_1
1528,205-16,84,OFFICE 7,,,109,30516,,,,,ProMOB_2
1529,230-04,3,EXAM 3,,,120,33004,,,,,ProMOB_2
1530,230-05,3,OFFICE 2,,,118,33005,,,,,ProMOB_2
1531,205-18,84,EXAM 4,,,89,30518,,,,,ProMOB_2
1532,205-05,84,OFFICE 1,,,156,30505,,,,,ProMOB_2
1533,205-06,84,OFFICE 2,,,82,30506,,,,,ProMOB_2
1534,205-07,84,OFFICE 3,,,109,30507,,,,,ProMOB_2
1535,205-01,84,WAITING,,,407,30501,,,,,ProMOB_2
1536,205-11,84,OFFICE (FRONT),,,412,30511,,,,,ProMOB_2
1537,205-33,84,CORRIDOR,,,965,30533,,,,,ProMOB_2
1538,205-13,84,OFFICE 5,,,89,30513,,,,,ProMOB_2
1539,205-21,84,SPECIAL PURPOSE,,,201,30521,,,,UNKNOWN,ProMOB_2
1540,205-15,84,EXAM 5,,,73,30515,,,,,ProMOB_2
1541,205-08,84,EXAM 3,,,158,30508,,,,,ProMOB_2
1542,205-17,84,EXAM 6,,,86,30517,,,,,ProMOB_2
1543,205-09,84,EXAM 7,,,89,30509,,,,,ProMOB_2
1544,205-20,84,EXAM 8,,,119,30520,,,,,ProMOB_2
1545,205-22,84,EXAM 9,,,74,30522,,,,,ProMOB_2
1546,205-23,84,EXAM 10,,,80,30523,,,,,ProMOB_2
1547,205-24,84,OFFICE 8,,,148,30524,,,,,ProMOB_2
1548,205-25,84,OFFICE 9,,,98,30525,,,,,ProMOB_2
1549,205-30,84,OFFICE 10,,,69,30530,,,,,ProMOB_2
1550,205-31,84,OFFICE 11,,,116,30531,,,,,ProMOB_2
1551,201,453,UTILITY,,,64,20201,,,,UNKNOWN,ProMOB_1
1552,205-14,84,OFFICE 6,,,83,30514,,,,,ProMOB_2
1553,200,453,NURSE STATION,,,164,20200,,,,,ProMOB_1
1554,302,453,OFFICE,,,132,20302,,,,,ProMOB_1
1555,301B,453,EXAM,,,125,20301,,,,,ProMOB_1
1556,301A,453,EXAM,,,109,20301,,,,,ProMOB_1
1557,301,453,OFFICE,,,158,20301,,,,,ProMOB_1
1558,209,453,TOILET,,,74,20209,,,,,ProMOB_1
1559,205B,453,EXAM,,,117,20205,,,,,ProMOB_1
1560,204,453,TOILET,,,71,20204,,,,,ProMOB_1
1561,207,453,OFFICE,,,140,20207,,,,,ProMOB_1
1562,206,453,OFFICE,,,118,20206,,,,,ProMOB_1
1563,205,453,OFFICE,,,117,20205,,,,,ProMOB_1
1565,312-01,635,LAB,,,261,41201,,,,YES,ProMOB_3
1566,302A,453,EXAM,,,135,20302,,,,,ProMOB_1
1576,502,453,STAFF SUPPORT,,,202,20502,,,,,ProMOB_1
1578,504,453,BREAK ROOM,,,347,20504,,,,,ProMOB_1
1579,500,453,RECEPTION,,,280,20500,,,,,ProMOB_1
1580,205-10,84,CORRIDOR,,,342,30510,,,,,ProMOB_2
1581,103A,453,EXAM,,,117,20103,,,,,ProMOB_1
1582,205-19,84,CONSULT,,,92,30519,,,,,ProMOB_2
1583,102B,453,EXAM,,,101,20102,,,,,ProMOB_1
1584,102A,453,EXAM,,,105,20102,,,,,ProMOB_1
1585,101B,453,EXAM,,,85,20101,,,,,ProMOB_1
1586,307,453,TOILET,,,87,20307,,,,,ProMOB_1
1588,503,453,TOILET,,,90,20503,,,,,ProMOB_1
1589,302B,453,EXAM,,,130,20302,,,,,ProMOB_1
1590,206B,453,EXAM,,,100,20206,,,,,ProMOB_1
1591,501,453,OFFICE,,,106,20501,,,,,ProMOB_1
1592,203A,453,EXAM,,,127,20203,,,,,ProMOB_1
1593,203,453,OFFICE,,,133,20203,,,,,ProMOB_1
1594,203B,453,EXAM,,,134,20203,,,,,ProMOB_1
1595,207A,453,EXAM,,,134,20207,,,,,ProMOB_1
1596,205A,453,EXAM,,,124,20205,,,,,ProMOB_1
1597,206A,453,EXAM,,,124,20206,,,,,ProMOB_1
1598,300,453,NURSE STATION,,,180,20300,,,,,ProMOB_1
1599,208,453,EXAM,,,200,20208,,,,,ProMOB_1
1600,510,453,CENTRAL SUPPLY,,,91,20510,,,,,ProMOB_1
1601,505,453,CONFERENCE,,,356,20505,,,,,ProMOB_1
1603,205-02,84,EXAM 1,,,87,30502,,,,,ProMOB_2
1604,205-04,84,EXAM 2,,,94,30504,,,,,ProMOB_2
1605,205-12,84,OFFICE - MANAGER,,,102,30512,,,,,ProMOB_2
1607,4606,473,OFFICE,,,190,4606,,,,,PRO_4
1608,2453,504,NURSE STATION,,,412,2453,,,,,PRO_2
1609,2680,445,CORRIDOR,,,868,2680,,,,,PRO_2
1610,G677A,447,CORRIDOR,,,881,1677,,,,,PRO_GL
1611,3660,446,SUPPLY,,,236,3660,,,,,PRO_3
1613,2679C,445,OFFICE,,,80,2679,,,,,PRO_2
1615,3685,577,COPY,,,107,3685,,,,,PRO_3
1616,3686,577,OPEN OFFICE,,,359,3686,,,,,PRO_3
1617,FCM G-02,357,STAIR FOYER,,,42,1202,,,,,PRO_GL
1618,NRT G-10,2,NRT,,,18,1310,,,,,PRO_GL
1619,2600L,444,STORAGE,,,30,2600,,,,,PRO_2
1620,2600M,444,WAITING,,,706,2600,,,,,PRO_2
1621,3606,581,OFFICE,,,130,3606,,,,,PRO_3
1622,3607,552,OFFICE,,,190,3607,,,,,PRO_3
1623,3608,581,OFFICE,,,136,3608,,,,,PRO_3
1624,3609,581,COPY,,,87,3609,,,,,PRO_3
1625,3610,581,OFFICE,,,87,3610,,,,,PRO_3
1627,NRT 3-12,2,NRT,,,58,3312,,,,,PRO_3
1628,NRT 4-12,2,NRT,,,57,4312,,,,,PRO_4
1629,4602,473,OFFICE,,,213,4602,,,,,PRO_4
1630,4603,473,STORAGE,,,34,4603,,,,,PRO_4
1631,4604,473,OFFICE,,,111,4604,,,,,PRO_4
1632,4605,473,OFFICE,,,117,4605,,,,,PRO_4
1633,G12-01,404,STORAGE,,,35,11201,,,,,ProMOB_GL
1634,B01-05,228,FACILITIES OPEN OFFICE,,,864,9405,,,,,ProMOB_LL
1639,207B,453,EXAM,,,97,20207,,,,,ProMOB_1
1640,205-03,84,TOILET,,,60,30503,,,,,ProMOB_2
1642,201-02,416,STORAGE,,,37,30102,,,,,ProMOB_2
1643,230-03,3,OFFICE,,,77,33003,,,,,ProMOB_2
1644,230-02,3,LAB,,,62,33002,,,,YES,ProMOB_2
1645,420-01,3,TENANT SPACE,,,953,52001,,,,,ProMOB_4
1646,430-08,427,CORRIDOR,,,249,53008,,,,,ProMOB_4
1648,511-02,3,BREAK ROOM,,,86,61102,,,,,ProMOB_5
1649,550-01,358,WAITING,,,90,65001,,,,,ProMOB_5
1650,B01-06,228,BREAK AREA,,,204,9406,,,,,ProMOB_LL
1651,B01-08,228,TOILET,,,62,9408,,,,,ProMOB_LL
1652,B01-04,228,OFFICE,,,120,9404,,,,,ProMOB_LL
1653,B01-11,228,CORRIDOR,,,216,9411,,,,,ProMOB_LL
1654,B01-07,228,CONFERENCE,,,434,9407,,,,,ProMOB_LL
1655,B01-09,228,FILE ROOM,,,123,9409,,,,,ProMOB_LL
1656,B01-03,228,OFFICE,,,155,9403,,,,,ProMOB_LL
1657,B01-02,228,OFFICE,,,142,9402,,,,,ProMOB_LL
1658,B01-10,228,OFFICE,,,126,9410,,,,,ProMOB_LL
1659,B01-12,228,BLUEPRINT ROOM,,,535,9412,,,,,ProMOB_LL
1660,B01-01,228,RECEPTION,,,267,9401,,,,,ProMOB_LL
1661,B02-03,228,OFFICE,,,270,9503,,,,,ProMOB_LL
1662,B02-01,228,OFFICE,,,315,9501,,,,,ProMOB_LL
1663,B02-02,228,CONFERENCE,,,204,9502,,,,,ProMOB_LL
1664,B02-11,228,LOCKERS,,,131,9511,,,,,ProMOB_LL
1665,B02-12,228,LOCKERS,,,188,9512,,,,,ProMOB_LL
1666,B02-10,228,TOILET,,,28,9510,,,,,ProMOB_LL
1667,B02-09,228,STORAGE,,,84,9509,,,,,ProMOB_LL
1668,B02-08,228,REF ROOM,,,230,9508,,,,,ProMOB_LL
1669,B02-07,228,SUPPLY,,,73,9507,,,,,ProMOB_LL
1670,B02-06,228,STORAGE / FILE,,,96,9506,,,,,ProMOB_LL
1671,B02-04,228,CARPENTRY SHOP,,,637,9504,,,,,ProMOB_LL
1673,FCM B-01,357,LOBBY / CORRIDOR,,,2148,9201,,,,,ProMOB_LL
1674,B01-13,228,MECH,,,23,9413,,,,,ProMOB_LL
1675,B02-05,228,MECH,,,666,9505,,,,,ProMOB_LL
1676,B02-13,228,MECH,,,56,9513,,,,,ProMOB_LL
1677,B03-04,228,MECH / SUPPLY,,,576,9604,,,,,ProMOB_LL
1678,B03-03,228,ELEC,,,439,9603,,,,,ProMOB_LL
1679,B03-02,228,TELE,,,185,9602,,,,,ProMOB_LL
1680,B04-01,228,STORAGE,,,72,9701,,,,,ProMOB_LL
1681,BCM B-01,357,ELEVATOR LOBBY,,,100,9101,,,,,ProMOB_LL
1682,B03-01,228,STORAGE,,,120,9601,,,,,ProMOB_LL
1683,B03-07,228,CORRIDOR,,,176,9607,,,,,ProMOB_LL
1684,B03-05,228,MECH,,,741,9605,,,,,ProMOB_LL
1685,B03-06,228,MECH,,,312,9606,,,,,ProMOB_LL
1686,B04-02,228,MECH / STORAGE,,,173,9702,,,,,ProMOB_LL
1687,NRT B-02,2,STAIR 2,,,512,9302,,,,,ProMOB_LL
1688,NRT B-01,2,STAIR 1,,,203,9301,,,,,ProMOB_LL
1689,NRT B-05,2,ELEVATOR,,,182,9305,,,,,ProMOB_LL
1690,NRT B-06,2,PARKING GARAGE,,,12119,9306,,,,,ProMOB_LL
1691,NRT B-04,2,STAIR 4,,,214,9304,,,,,ProMOB_LL
1692,NRT B-09,2,SHAFT,,,21,9309,,,,,ProMOB_LL
1693,G15-07,451,MECH,,,26,11507,,,,,ProMOB_GL
1694,G15-06,451,STORAGE,,,425,11506,,,,,ProMOB_GL
1695,G15-11,451,OPEN OFFICE (INFO TECH),,,2126,11511,,,,,ProMOB_GL
1696,G15-08,451,OFFICE,,,210,11508,,,,,ProMOB_GL
1697,G15-10,451,OFFICE,,,136,11510,,,,,ProMOB_GL
1698,G15-09,451,OFFICE,,,159,11509,,,,,ProMOB_GL
1699,G15-01,451,CORRIDOR,,,326,11501,,,,,ProMOB_GL
1700,G15-05,451,OFFICE,,,128,11505,,,,,ProMOB_GL
1701,G15-04,451,MECH,,,27,11504,,,,,ProMOB_GL
1702,G15-03,451,COPY / STORAGE,,,98,11503,,,,,ProMOB_GL
1703,G15-02,451,DATA,,,46,11502,,,,,ProMOB_GL
1704,G15-12,451,OPEN OFFICE (INFO TECH),,,3507,11512,,,,,ProMOB_GL
1705,G15-14,451,MECH,,,19,11514,,,,,ProMOB_GL
1706,G15-13,451,MECH,,,24,11513,,,,,ProMOB_GL
1707,G14-04,451,IT ANNEX,,,307,11404,,,,,ProMOB_GL
1708,G14-02,451,CORRIDOR,,,60,11402,,,,,ProMOB_GL
1709,G14-03,451,MECH,,,21,11403,,,,,ProMOB_GL
1710,G14-01,451,CONFERENCE,,,723,11401,,,,,ProMOB_GL
1711,G14-06,451,BREAK ROOM,,,283,11406,,,,,ProMOB_GL
1712,G14-07,451,MECH,,,23,11407,,,,,ProMOB_GL
1713,G14-05,451,TRAINING,,,742,11405,,,,,ProMOB_GL
1714,G11-01,116,LAB,,,410,11101,,,,YES,ProMOB_GL
1716,FCM G-01,357,CORRIDOR,,,1008,10201,,,,,ProMOB_GL
1717,BCM G-04,228,ELEC,,,107,10104,,,,,ProMOB_GL
1718,BCM G-03,228,TELE,,,83,10103,,,,,ProMOB_GL
1719,BCM G-01,228,MECH,,,116,10101,,,,,ProMOB_GL
1720,BCM G-02,357,LOBBY,,,1506,10102,,,,,ProMOB_GL
1721,NRT G-02,2,STAIR 2,,,199,10302,,,,,ProMOB_GL
1722,NRT G-01,2,STAIR 1,,,327,10301,,,,,ProMOB_GL
1723,NRT G-03,2,STAIR 3,,,206,10303,,,,,ProMOB_GL
1724,NRT G-04,2,ELEVATOR,,,242,10304,,,,,ProMOB_GL
1725,NRT G-07,2,PARKING GARAGE,,,3888,10307,,,,,ProMOB_GL
1726,NRT G-05,2,STAIR 5,,,124,10305,,,,,ProMOB_GL
1728,6001,228,ELEV MACHINE ROOM,,,552,70011,,,,,ProMOB_6
1729,6002,228,MECH,,,397,70012,,,,,ProMOB_6
1730,6003,228,MECH,,,501,70013,,,,,ProMOB_6
1731,NRT 6-02,2,STAIR 2,,,179,70002,,,,,ProMOB_6
1732,NRT 4-02,2,STAIR 2,,,255,50002,,,,,ProMOB_4
1733,FCM 4-01,357,CORRIDOR,,,2205,50021,,,,,ProMOB_4
1734,NRT 4-01,2,STAIR 1,,,269,50001,,,,,ProMOB_4
1735,NRT 4-03,2,STAIR 3,,,227,50003,,,,,ProMOB_4
1736,NRT 4-04,2,ELEVATOR,,,276,50004,,,,,ProMOB_4
1738,NRT 4-05,2,SHAFT,,,83,50005,,,,,ProMOB_4
1739,FCM 4-07,236,JANITOR,,,25,50027,,,,,ProMOB_4
1740,NRT 3-01,2,STAIR 1,,,253,40001,,,,,ProMOB_3
1741,NRT 3-02,2,STAIR 2,,,265,40002,,,,,ProMOB_3
1742,NRT 3-03,2,STAIR 3,,,230,40003,,,,,ProMOB_3
1743,NRT 3-04,2,ELEVATOR,,,276,40004,,,,,ProMOB_3
1744,FCM 3-01,357,CORRIDOR,,,2125,40021,,,,,ProMOB_3
1745,FCM 4-02,357,TOILET,,,93,50022,,,,,ProMOB_4
1746,FCM 3-02,357,TOILET,,,95,40022,,,,,ProMOB_3
1747,FCM 3-07,236,JANITOR,,,29,40027,,,,,ProMOB_3
1748,NRT 3-05,2,SHAFT,,,83,40005,,,,,ProMOB_3
1750,NRT 2-01,2,STAIR 1,,,244,30001,,,,,ProMOB_2
1751,NRT 2-02,2,STAIR 2,,,243,30002,,,,,ProMOB_2
1752,NRT 2-03,2,STAIR 3,,,230,30003,,,,,ProMOB_2
1753,NRT 2-04,2,ELEVATOR,,,218,30000,,,,,ProMOB_2
1754,FCM 2-03,357,CORRIDOR,,,2291,30000,,,,,ProMOB_2
1755,FCM 2-04,357,TOILET,,,87,30000,,,,,ProMOB_2
1757,FCM 2-10,236,OFFICE,,,135,30000,,,,,ProMOB_2
1758,NRT 2-05,2,SHAFT,,,85,30000,,,,,ProMOB_2
1759,NRT 1-01,2,STAIR 1,,,237,20001,,,,,ProMOB_1
1760,NRT 1-02,2,STAIR 2,,,276,20002,,,,,ProMOB_1
1761,NRT 1-03,2,STAIR 3,,,222,20003,,,,,ProMOB_1
1762,NRT 1-04,2,ELEVATOR,,,244,20004,,,,,ProMOB_1
1763,FCM 1-02,357,CORRIDOR,,,3592,20012,,,,,ProMOB_1
1764,FCM 1-01,357,ELEVATOR LOBBY,,,909,20011,,,,,ProMOB_1
1765,FCM 1-411,357,TOILET,,,71,20041,,,,,ProMOB_1
1766,FCM 1-05,228,MECH / TELE,,,224,20015,,,,,ProMOB_1
1767,FCM 1-06,236,JANITOR,janitor or tele ??,,53,20016,,,,,ProMOB_1
1768,NRT 1-07,2,SHAFT,,,24,20007,,,,,ProMOB_1
1769,424-02,425,STORAGE,,,18,52402,,,,,ProMOB_4
1771,NRT B-08,2,SHAFT,,,7,9308,,,,,ProMOB_LL
1772,NRT B-07,2,SHAFT,,,24,9307,,,,,ProMOB_LL
1773,NRT 1-06,2,SHAFT,,,81,20006,,,,,ProMOB_1
1774,NRT 1-05,2,ATRIUM,,,934,20005,,,,,ProMOB_1
1775,NRT 2-06,2,SHAFT,,,23,30000,,,,,ProMOB_2
1776,NRT 2-07,2,SHAFT,,,17,30000,,,,,ProMOB_2
1777,NRT 3-06,2,SHAFT,,,13,40006,,,,,ProMOB_3
1778,NRT 3-07,2,SHAFT,,,13,40007,,,,,ProMOB_3
1779,NRT 4-06,2,SHAFT,,,17,50006,,,,,ProMOB_4
1780,NRT 4-07,2,SHAFT,,,19,50007,,,,,ProMOB_4
1783,NRT 5-06,2,SHAFT,,,13,60006,,,,,ProMOB_5
11185,444-01,3,SHELL SPACE,,,3316,54001,,,,,ProMOB_4
9806,308-01B,635,WAITING,,,213,40802,,,,,ProMOB_3
9812,FCM 6-02,357,STAIR FOYER,,,50,6202,,,,,PRO_6
9814,6640,3,CORRIDOR,,,848,6640,,,,,PRO_6
9815,FCM 5-02,357,STAIR FOYER,,,46,5202,,,,,PRO_5
9816,FCM 5-04,357,CORRIDOR,,,3441,5204,,,,,PRO_5
9817,5674,38,CORRIDOR,,,1172,5674,,,,,PRO_5
9818,5692,38,CORRIDOR,,,1136,5692,,,,,PRO_5
9819,5648,38,CORRIDOR,,,760,5648,,,,,PRO_5
9820,FCM 5-05,357,STAIR FOYER,,,39,5205,,,,,PRO_5
9821,FCM 5-06,357,STAIR FOYER,,,35,5206,,,,,PRO_5
9822,FCM 4-02,357,STAIR FOYER,,,42,4202,,,,,PRO_4
9823,4640,3,CORRIDOR,,,433,4640,,,,,PRO_4
9824,4686,3,CORRIDOR,,,372,4686,,,,,PRO_4
9825,FCM 4-03,3,CORRIDOR,,,2536,4203,,,,,PRO_4
9826,FCM 4-05,357,STAIR FOYER,,,39,4205,,,,,PRO_4
9827,FCM 4-06,357,STAIR FOYER,,,44,4206,,,,,PRO_4
9828,4465,3,ANTEROOM,,,23,4465,,,,UNKNOWN,PRO_4
9829,3400B,447,CORRIDOR,,,3541,3400,,,,,PRO_3
9830,FCM 3-05,357,STAIR FOYER,,,41,3205,,,,,PRO_3
9831,FCM 3-06,357,STAIR FOYER,,,44,3206,,,,,PRO_3
9832,3687 (1),577,CORRIDOR,primary tag; room number is 3687,,373,3687,,,,,PRO_3
9833,3664,446,CORRIDOR,,,1229,3664,,,,,PRO_3
9834,3417,447,ANTEROOM,,,22,3417,,,,UNKNOWN,PRO_3
9835,3433,447,ANTEROOM,,,18,3433,,,,UNKNOWN,PRO_3
9836,3465,447,ANTEROOM,,,20,3465,,,,UNKNOWN,PRO_3
9837,FCM 2-02,357,STAIR FOYER,,,42,2202,,,,,PRO_2
9838,2400,504,CORRIDOR,,,4190,2400,,,,,PRO_2
9839,FCM 2-05,357,STAIR FOYER,,,41,2205,,,,,PRO_2
9840,FCM 2-06,357,STAIR FOYER,,,34,2206,,,,,PRO_2
9841,FCM 2-09,357,CORRIDOR,,,2280,2209,,,,,PRO_2
9842,FCM 2-10,357,CORRIDOR,,,1790,2210,,,,,PRO_2
9843,FCM 2-07,357,STAIR FOYER,,,26,2207,,,,,PRO_2
9844,FCM 2-08,357,STAIR FOYER,,,35,2208,,,,,PRO_2
9845,2639,236,CORRIDOR,,,893,2639,,,,,PRO_2
9847,2698,445,CORRIDOR,,,315,2698,,,,,PRO_2
9848,FCM 2600,357,CORRIDOR,,,192,2213,,,,,PRO_2
9849,2431A,504,CORRIDOR,,,751,2431,,,,,PRO_2
9850,2473A,504,CORRIDOR,,,787,2473,,,,,PRO_2
9851,2597A,3,CORRIDOR,,,792,2597,,,,,PRO_2
9852,2569A,156,CORRIDOR,,,954,2569,,,,,PRO_2
9853,2549A,630,CORRIDOR,,,947,2549,,,,,PRO_2
9854,2534D,96,CORRIDOR,,,1572,2534,,,,,PRO_2
9855,G625,339,RECEPTION,,,381,1625,,,,,PRO_GL
9856,G649,459,CORRIDOR,,,1020,1649,,,,,PRO_GL
9857,FCM G-10,357,CORRIDOR,,,1746,1210,,,,,PRO_GL
9865,NRT G-22,2,NRT,,,96,1322,,,,,PRO_GL
9866,NRT G-23,2,NRT,,,206,1323,,,,,PRO_GL
9867,FCM L-10,357,CORRIDOR,,,1846,210,,,,,PRO_LL
9868,FCM L-09,357,CORRIDOR,,,5656,209,,,,,PRO_LL
9869,L531B,88,CORRIDOR,,,126,531,,,,,PRO_LL
9870,L538,88,CORRIDOR,,,3596,538,,,,,PRO_LL
9871,L433,102,CORRIDOR,,,527,433,,,,,PRO_LL
9872,L674,228,CORRIDOR,,,1073,674,,,,,PRO_LL
9873,NRT L-11,2,NRT,,,73,311,,,,,PRO_LL
9875,NRT L-08,2,NRT,,,1534,308,,,,,PRO_LL
9876,NRT 4-13,2,NRT,,,56,4313,,,,,PRO_4
9877,NRT 6-03,2,STAIR 3,,,216,70003,,,,,ProMOB_6
9878,NRT 6-04,2,SHAFT,,,25,70004,,,,,ProMOB_6
9879,NRT 6-05,2,SHAFT,,,111,70005,,,,,ProMOB_6
10424,G620A,287,PHYSICIAN SERVICES,,,47,1620,,,,,PRO_GL
10425,G620B,287,PHYSICIAN SERVICES,,,47,1620,,,,,PRO_GL
10437,BCM G624,357,PATIO,,,883,1101,,,,,PRO_GL
10468,7726A,505,STORAGE,,,250,7726,,,,,PRO_7
10475,FCM 1-412,357,TOILET,,,73,20042,,,,,ProMOB_1
10476,511,453,CENTRAL SUPPLY,,,98,20511,,,,,ProMOB_1
10477,508,453,MEDICAL RECORDS,,,368,20508,,,,,ProMOB_1
10478,303,453,OFFICE,,,160,20303,,,,,ProMOB_1
10479,303A,453,EXAM,,,114,20303,,,,,ProMOB_1
10480,303B,453,EXAM,,,110,20303,,,,,ProMOB_1
10481,305,453,OFFICE,,,128,20305,,,,,ProMOB_1
10482,305A,453,EXAM,,,113,20305,,,,,ProMOB_1
10483,305B,453,EXAM,,,114,20305,,,,,ProMOB_1
10500,503A,453,STORAGE,,,19,20503,,,,,ProMOB_1
10502,100B,453,CHILDREN'S AREA,,,72,20100,,,,,ProMOB_1
10503,100A,453,SUB-WAIT 1,,,203,20100,,,,,ProMOB_1
10504,200A,453,SUB-WAIT 2,,,67,20200,,,,,ProMOB_1
10505,300A,453,SUB-WAIT 3,,,107,20300,,,,,ProMOB_1
10506,FCM 1-07,357,CORRIDOR,,,532,20017,,,,,ProMOB_1
10507,FCM 1-08,357,CORRIDOR,,,442,20018,,,,,ProMOB_1
10508,100C,453,STORAGE,,,30,20100,,,,,ProMOB_1
10510,NRT 1-08,2,SHAFT,,,12,20008,,,,,ProMOB_1
10511,FCM 1-04,228,ELEC,,,96,20014,,,,,ProMOB_1
10512,503B,453,STORAGE,,,18,20503,,,,,ProMOB_1
10513,NRT 5-12,2,NRT,,,28,5312,,,,,PRO_5
10514,FCM 5-03,357,TOILET,,,96,60013,,,,,ProMOB_5
10515,FCM 5-04,228,ELEC,,,101,60014,,,,,ProMOB_5
10518,530-03,636,CAST ROOM,,,154,63003,,,,,ProMOB_5
10519,NRT 1-09,2,SHAFT,,,41,20009,,,,,ProMOB_1
10520,FCM 2-05,357,TOILET,,,91,30000,,,,,ProMOB_2
10521,FCM 2-07,228,ELEC,,,108,30000,,,,,ProMOB_2
10522,FCM 2-09,228,TELE,,,61,30000,,,,,ProMOB_2
10523,FCM 2-08,228,MECH,,,262,30000,,,,,ProMOB_2
10524,FCM 3-03,357,TOILET,,,86,40023,,,,,ProMOB_3
10525,FCM 3-04,228,ELEC,,,101,40024,,,,,ProMOB_3
10526,FCM 3-05,228,MECH,,,258,40025,,,,,ProMOB_3
10527,FCM 3-06,228,TELE,,,60,40026,,,,,ProMOB_3
10528,FCM 4-03,357,TOILET,,,96,50023,,,,,ProMOB_4
10529,FCM 4-04,228,ELEC,,,101,50024,,,,,ProMOB_4
10530,FCM 4-05,228,MECH,,,258,50025,,,,,ProMOB_4
10531,FCM 4-06,228,TELE,,,61,50026,,,,,ProMOB_4
10532,FCM G-02,2,TOILET - WOMENS,,,213,10202,,,,,ProMOB_GL
10533,FCM G-03,2,TOILET - MENS,,,146,10203,,,,,ProMOB_GL
10534,NRT G-06,2,SHAFT,,,106,10306,,,,,ProMOB_GL
10569,G401,400,STORAGE,,,95,1401,,,,,PRO_GL
10570,G402,75,CONFERENCE,,,769,1402,,,,,PRO_GL
10571,G403,400,TOILET,,,59,1403,,,,,PRO_GL
10572,G404,75,GALLEY,,,104,1404,,,,,PRO_GL
10573,G402A,75,STORAGE,,,52,1402,,,,,PRO_GL
10574,G405,400,TOILET,,,59,1405,,,,,PRO_GL
10575,G407,400,EQUIP,,,55,1407,,,,,PRO_GL
10577,G410,400,WAITING,,,1406,1410,,,,,PRO_GL
10578,G408,75,OFFICE,,,104,1408,,,,,PRO_GL
10579,G410A,400,READING,,,486,1410,,,,,PRO_GL
10580,G411,400,WAITING,,,175,1411,,,,,PRO_GL
10581,G412,400,WORK VOLUNTEER,,,257,1412,,,,,PRO_GL
10582,G415A,400,STORAGE,,,62,1415,,,,,PRO_GL
10583,G415,400,EXAM,,,108,1415,,,,,PRO_GL
10584,G413,400,EXAM,,,105,1413,,,,,PRO_GL
10585,G413A,400,STORAGE,,,37,1413,,,,,PRO_GL
10586,G418,400,ELEVATOR LOBBY,,,152,1418,,,,,PRO_GL
10587,FCM G400A,357,CORRIDOR,,,438,1211,,,,,PRO_GL
10588,G420B,440,WAITING,,,153,1420,,,,,PRO_GL
10589,G422,440,FOYER,,,245,1422,,,,,PRO_GL
10590,G458,261,FAST TRACK REGISTRATION,per Diane 10/15/2014,,358,1458,,,,,PRO_GL
10591,G458A,261,STORAGE,assumed,,53,1458,,,,,PRO_GL
10592,G423,440,TELECOM,,,117,1423,,,,,PRO_GL
10593,G420,440,WAITING,,,1066,1420,,,,,PRO_GL
10594,G420A,440,RECEPTION,,,148,1420,,,,,PRO_GL
10595,G425,440,OFFICE,,,356,1425,,,,,PRO_GL
10596,G421,440,FOYER,,,101,1421,,,,,PRO_GL
10598,G431,440,TOILET,,,63,1431,,,,,PRO_GL
10599,G433F,440,TOILET,,,87,1433,,,,,PRO_GL
10600,G433E,440,DRESSING,,,28,1433,,,,,PRO_GL
10601,G433C,440,DRESSING,,,28,1433,,,,,PRO_GL
10602,G433D,440,DRESSING,,,26,1433,,,,,PRO_GL
10603,G433B,440,DRESSING,,,28,1433,,,,,PRO_GL
10604,G433A,440,DRESSING,,,25,1433,,,,,PRO_GL
10605,G433,440,LOCKERS - PATIENT,,,230,1433,,,,,PRO_GL
10606,G435,440,LINEN,,,435,1435,,,,,PRO_GL
10607,G426,440,OFFICE,,,136,1426,,,,,PRO_GL
10608,G424,440,OFFICE,,,280,1424,,,,,PRO_GL
10609,G437,440,WAITING,,,350,1437,,,,,PRO_GL
10610,G427,440,COUNSELING,,,127,1427,,,,,PRO_GL
10611,G428,440,CONSULT,,,92,1428,,,,,PRO_GL
10612,G429,440,EXAM,,,97,1429,,,,,PRO_GL
10614,G516,440,TOILET,,,65,1516,,,,,PRO_GL
10615,G430D,440,CORRIDOR,,,629,1430,,,,,PRO_GL
10616,G515,440,EXAM,,,100,1515,,,,,PRO_GL
10617,G513,440,EXAM,,,98,1513,,,,,PRO_GL
10618,G500,440,CT PROCEDURE,,,160,1500,,,,NO,PRO_GL
10619,G502,440,JANITOR,,,69,1502,,,,,PRO_GL
10620,G501,440,TOILET,,,66,1501,,,,,PRO_GL
10621,G518,440,MAMMOGRAPHY,,,136,1518,,,,,PRO_GL
10622,G504,440,TESTING,,,137,1504,,,,NO,PRO_GL
10623,G503,440,PROCEDURE,,,164,1503,,,,NO,PRO_GL
10624,G520,440,MAMMOGRAPHY,,,520,1520,,,,,PRO_GL
10625,G430F,440,CORRIDOR,,,2052,1430,,,,,PRO_GL
10626,G522,440,MAMMOGRAPHY,,,149,1522,,,,,PRO_GL
10627,G505,440,SOILED HOLDING,,,76,1505,,,,YES,PRO_GL
10628,G507,440,STORAGE,,,88,1507,,,,,PRO_GL
10629,G509,440,LAB,,,113,1509,,,,NO,PRO_GL
10630,G506,440,ULTRASOUND SCREEN,,,139,1506,,,,,PRO_GL
10631,G508,440,ULTRASOUND BIOPSY,,,155,1508,,,,NO,PRO_GL
10632,G510,440,WORK ROOM,,,108,1510,,,,NO,PRO_GL
10633,G512,440,STEREOTACTIC,,,232,1512,,,,NO,PRO_GL
10634,G511,440,PATIENT OBSERVATION,,,107,1511,,,,NO,PRO_GL
10635,G526,440,FILE ROOM,,,181,1526,,,,,PRO_GL
10636,G517,440,WAITING,,,279,1517,,,,,PRO_GL
10637,G519,440,ELEC,,,82,1519,,,,,PRO_GL
10638,G521,440,FILM READ,,,142,1521,,,,,PRO_GL
10640,G524,440,MAMMOGRAPHY,,,172,1524,,,,,PRO_GL
10641,G523,440,FILM READ,,,157,1523,,,,,PRO_GL
10642,G525,440,OFFICE,,,124,1525,,,,,PRO_GL
10643,G527,440,STAFF LOUNGE,,,193,1527,,,,,PRO_GL
10644,G529,440,TOILET,,,60,1529,,,,,PRO_GL
10645,G531,440,OFFICE,,,107,1531,,,,,PRO_GL
10646,G533,440,CONFERENCE,,,222,1533,,,,,PRO_GL
10647,G537,440,OFFICE,,,157,1537,,,,,PRO_GL
10648,G539,440,OFFICE,,,134,1539,,,,,PRO_GL
10649,G548,137,OFFICE,,,123,1548,,,,,PRO_GL
10652,NRT G-01,2,NRT,,,202,1301,,,,,PRO_GL
10653,G410B,400,STORAGE,,,14,1410,,,,,PRO_GL
10654,G410C,400,STORAGE,,,14,1410,,,,,PRO_GL
10655,G410D,400,STORAGE,,,14,1410,,,,,PRO_GL
10656,NRT G-16,2,NRT,,,245,1316,,,,,PRO_GL
10657,FCM G400,357,CORRIDOR,,,440,1212,,,,,PRO_GL
10658,G406,75,OFFICE,,,167,1406,,,,,PRO_GL
10660,NRT G-02,2,NRT,,,297,1302,,,,,PRO_GL
10664,L610B,451,IS INFO SYSTEM,,,1625,610,,,,,PRO_LL
10856,G549,137,OFFICE,,,92,1549,,,,,PRO_GL
10857,G551,137,OFFICE,,,91,1551,,,,,PRO_GL
10858,G553,137,OFFICE,,,119,1553,,,,,PRO_GL
10859,G555,137,TOILET - STAFF,,,58,1555,,,,,PRO_GL
10860,G557,137,LOUNGE,,,208,1557,,,,,PRO_GL
10861,G559,137,CT SCAN,,,491,1559,,,,YES,PRO_GL
10862,G561,137,CT CONTROL,,,194,1561,,,,NO,PRO_GL
10863,G568,137,LINEN,,,46,1568,,,,,PRO_GL
10864,G563,137,MD READING,,,408,1563,,,,,PRO_GL
10865,G567,137,STORAGE,,,117,1567,,,,,PRO_GL
10866,G569,137,STORAGE,,,995,1569,,,,,PRO_GL
10867,G556,137,,,,31,1556,,,,NO,PRO_GL
10868,G558A,137,DRESSING,,,39,1558,,,,,PRO_GL
10869,G558,137,WAITING,,,84,1558,,,,,PRO_GL
10870,G562,137,TOILET,,,50,1562,,,,,PRO_GL
10871,G558B,137,DRESSING,,,26,1558,,,,,PRO_GL
10872,G564,137,NPT HOLDING,,,342,1564,,,,YES,PRO_GL
10873,G566,137,FLUOROSCOPY,,,370,1566,,,,NO,PRO_GL
10874,G576,137,TECH CORE,,,586,1576,,,,NO,PRO_GL
10875,G554,137,FILE WORK,,,249,1554,,,,,PRO_GL
10876,G552,137,ULTRASOUND 3,,,263,1552,,,,,PRO_GL
10877,G552A,137,TOILET,,,56,1552,,,,,PRO_GL
10878,G545,137,TOILET,,,61,1545,,,,,PRO_GL
10879,G544,137,LINEN,,,59,1544,,,,,PRO_GL
10880,G543A,137,TOILET,,,58,1543,,,,,PRO_GL
10881,G543,137,ULTRASOUND 2,,,259,1543,,,,,PRO_GL
10882,G574,137,WAITING,,,79,1574,,,,,PRO_GL
10883,G574A,137,DRESSING,,,19,1574,,,,,PRO_GL
10884,G574B,137,DRESSING,,,39,1574,,,,,PRO_GL
10885,G566A,137,TOILET,,,53,1566,,,,,PRO_GL
10886,G575A,137,TOILET,,,52,1575,,,,,PRO_GL
10887,G572,137,SCHEDULING,,,85,1572,,,,,PRO_GL
10888,G573,137,WAITING,,,79,1573,,,,,PRO_GL
10889,G573A,137,DRESSING,,,39,1573,,,,,PRO_GL
10890,G573B,137,DRESSING,,,19,1573,,,,,PRO_GL
10891,G542,137,ULTRASOUND 1,,,221,1542,,,,,PRO_GL
10892,G542A,137,TOILET,,,46,1542,,,,,PRO_GL
10893,G575,137,WAITING,,,242,1575,,,,,PRO_GL
10894,G541,137,RADIOLOGY,,,352,1541,,,,NO,PRO_GL
10895,FCM G571,357,TOILET,,,190,1222,,,,,PRO_GL
10896,FCM G570,357,TOILET,,,196,1221,,,,,PRO_GL
10897,G577,137,WAITING,,,686,1577,,,,,PRO_GL
10898,G577A,137,RECEPTION,,,301,1577,,,,,PRO_GL
10899,G581F,137,LAB,,,314,1581,,,,NO,PRO_GL
10900,G683,447,OFFICE,,,239,1683,,,,,PRO_GL
10901,G681,447,OFFICE,,,230,1681,,,,,PRO_GL
10902,G679,447,OFFICE,,,202,1679,,,,,PRO_GL
10903,G678,447,OFFICE,,,158,1678,,,,,PRO_GL
10904,G677,447,OPEN OFFICE,,,633,1677,,,,,PRO_GL
10905,G676,447,OFFICE,,,290,1676,,,,,PRO_GL
10906,G686,447,OFFICE,,,207,1686,,,,,PRO_GL
10907,G685,447,TOILET,,,124,1685,,,,,PRO_GL
10908,G687,447,TOILET,,,88,1687,,,,,PRO_GL
10909,G688,447,OPEN OFFICE,,,363,1688,,,,,PRO_GL
10910,G689,447,OFFICE,,,190,1689,,,,,PRO_GL
10911,G656,459,CONFERENCE,,,182,1656,,,,,PRO_GL
10912,G655,459,OFFICE,,,176,1655,,,,,PRO_GL
10913,G649B,459,BREAK ROOM,,,238,1649,,,,,PRO_GL
10915,G654,459,CORRIDOR,,,100,1654,,,,,PRO_GL
10916,G654A,459,TOILET,,,76,1654,,,,,PRO_GL
10917,G654B,459,TOILET,,,75,1654,,,,,PRO_GL
10918,G654C,459,STORAGE,,,112,1654,,,,,PRO_GL
10919,G653,459,OFFICE,,,261,1651,,,,,PRO_GL
10920,G650,459,OPEN OFFICE,,,876,1650,,,,,PRO_GL
10921,G660,459,OFFICE,,,282,1660,,,,,PRO_GL
10922,G659,459,OFFICE,,,245,1659,,,,,PRO_GL
10923,G649A,459,BREAK ROOM,,,225,1649,,,,,PRO_GL
10924,G658,459,OFFICE,,,204,1658,,,,,PRO_GL
10925,G657,459,OFFICE,,,219,1657,,,,,PRO_GL
10926,NRT G-09,2,NRT,,,111,1309,,,,,PRO_GL
10987,FCM G101,357,CORRIDOR,,,1993,1103,,,,,PRO_GL
10988,411-05,453,EXAM 2,,,124,51105,,,,,ProMOB_4
10989,411-04,453,ECHO,,,186,51104,,,,,ProMOB_4
10990,411-03,453,FILE ROOM,,,121,51103,,,,,ProMOB_4
10992,407A,422,WAITING,,,198,50407,,,,,ProMOB_4
10993,407B,422,RECEPTION,,,177,50407,,,,,ProMOB_4
10994,407C,422,TOILET,,,53,50407,,,,,ProMOB_4
10995,407D,422,CORRIDOR,,,352,50407,,,,,ProMOB_4
10997,407E,422,OFFICE 2,,,146,50407,,,,,ProMOB_4
10998,407F,422,EXAM 7,,,73,50407,,,,,ProMOB_4
10999,407G,422,EXAM 6,,,69,50407,,,,,ProMOB_4
11000,407H,422,OFFICE,,,89,50407,,,,,ProMOB_4
11001,407J,422,PREP,,,94,50407,,,,,ProMOB_4
11002,407K,422,LAB,,,58,50407,,,,YES,ProMOB_4
11003,407L,422,EXAM 5,,,75,50407,,,,,ProMOB_4
11004,407M,422,EXAM 4,,,78,50407,,,,,ProMOB_4
11005,407N,422,OFFICE 1,,,148,50407,,,,,ProMOB_4
11006,407P,422,EXAM 3,,,78,50407,,,,,ProMOB_4
11007,407R,422,EXAM 2,,,98,50407,,,,,ProMOB_4
11008,407S,422,EXAM 1,,,60,50407,,,,,ProMOB_4
11010,407T,422,TOILET,,,49,50407,,,,,ProMOB_4
11011,407U,422,OFFICE,,,54,50407,,,,,ProMOB_4
11012,407V,422,BREAK AREA,,,112,50407,,,,,ProMOB_4
11013,407W,422,OPEN AREA,,,222,50407,,,,,ProMOB_4
11014,411-01,453,WAITING,,,397,51101,,,,,ProMOB_4
11016,FCM 5-05,228,MECH,,,258,60015,,,,,ProMOB_5
11039,3633,505,OFFICE,,,129,3633,,,,,PRO_3
11040,5642A,38,TOILET,,,54,5642,,,,,PRO_5
11041,5627A,38,STORAGE,,,87,5627,,,,,PRO_5
11042,5627B,38,ASSESSMENT,,,96,5627,,,,,PRO_5
11044,5627C,38,ELEC,,,47,5627,,,,,PRO_5
11045,6694,447,FINANCE,,,253,6694,,,,,PRO_6
11046,6695,447,FINANCE,,,158,6695,,,,,PRO_6
11047,6696,447,FINANCE,,,220,6696,,,,,PRO_6
11048,6697,447,FILE ROOM,,,131,6697,,,,,PRO_6
11049,6698,447,TOILET,,,68,6698,,,,,PRO_6
11050,6699,447,STAFF LOUNGE,,,256,6699,,,,,PRO_6
11051,6681,447,OFFICE,,,203,6681,,,,,PRO_6
11053,6683,447,CORRIDOR,,,624,6683,,,,,PRO_6
11054,6691,447,OFFICE,,,123,6691,,,,,PRO_6
11055,6692,447,FILE ROOM,,,58,6692,,,,,PRO_6
11056,6693,447,OFFICE,,,145,6693,,,,,PRO_6
11057,6690,447,OFFICE,,,192,6690,,,,,PRO_6
11118,6690A,447,TOILET,,,50,6690,,,,,PRO_6
11120,6691A,447,TOILET,,,50,6691,,,,,PRO_6
11154,G15-12A,3,,was IS TECH SERVICES,,90,11512,,,,,ProMOB_GL
11155,G15-12B,3,,was IS TECH SERVICES,,88,11512,,,,,ProMOB_GL
11156,220-01A,451,TELEPRESENCE ROOM,,,373,32001,,,,,ProMOB_2
11157,L610C,147,RADIOLOGY FILE STORAGE,,,413,610,,,,,PRO_LL
11158,L610D,451,MEDICAL RECORDS,,,800,610,,,,,PRO_LL
11159,L610E,451,MEDICAL RECORDS,,,871,610,,,,,PRO_LL
11161,409,453,OFFICE,,,133,20409,,,,,ProMOB_1
11162,409A,453,EXAM,,,101,20409,,,,,ProMOB_1
11163,409B,453,EXAM,,,356,20409,,,,,ProMOB_1
11164,407B,453,EXAM,,,101,20407,,,,,ProMOB_1
11165,408,453,NURSE OFFICE,,,141,20408,,,,,ProMOB_1
11166,407A,453,EXAM,,,118,20407,,,,,ProMOB_1
11167,402,453,UTILITY,,,54,20402,,,,UNKNOWN,ProMOB_1
11480,220-01 (2),470,RESOURCE PLANNING CTR,,,1198,32001,,,,,ProMOB_2
11482,220-01 (1),469,RESOURCE PLANNING CTR,,,1198,32001,,,,,ProMOB_2
11483,220-01 (4),472,RESOURCE PLANNING CTR,,,1199,32001,,,,,ProMOB_2
11484,220-01 (3),471,RESOURCE PLANNING CTR,,,1199,32001,,,,,ProMOB_2
11486,4634,3,OFFICE,,,172,4634,,,,,PRO_4
11168,407,453,OFFICE,,,139,20407,,,,,ProMOB_1
11169,406B,453,EXAM,,,137,20406,,,,,ProMOB_1
11170,406A,453,EXAM,,,121,20406,,,,,ProMOB_1
11171,405B,453,EXAM,,,116,20405,,,,,ProMOB_1
11172,406,453,OFFICE,,,139,20406,,,,,ProMOB_1
11173,405,453,OFFICE,,,141,20405,,,,,ProMOB_1
11174,405A,453,EXAM,,,115,20405,,,,,ProMOB_1
11175,400,453,STAFF/ UTILITY,,,207,20400,,,,UNKNOWN,ProMOB_1
11176,401,453,TOILET,,,56,20401,,,,,ProMOB_1
11177,401A,453,TOILET,,,56,20401,,,,,ProMOB_1
11178,402A,453,CORRIDOR,,,237,20402,,,,,ProMOB_1
11179,FCM 1-09,357,CORRIDOR,,,275,20019,,,,,ProMOB_1
11180,400A,453,JANITOR,,,19,20400,,,,,ProMOB_1
11181,L430B,464,STORAGE - RECEIVING,,,528,430,,,,NO,PRO_LL
11463,5647,38,WAITING,,,174,5647,,,,NO,PRO_5
11468,FCM 5-06,228,TELE,,,61,60016,,,,,ProMOB_5
